COOPID,YEAR,MONTH,DAY,PRECIPITATION,MAX TEMP,MIN TEMP,MEAN TEMP,ALERTA_OPERACIONAL
85612,2020,1,1,0.0,71.0,50.0,60.5,0
85612,2020,1,2,0.0,69.0,50.0,59.5,0
85612,2020,1,3,0.0,80.0,52.0,66.0,0
85612,2020,1,4,0.0,85.0,69.0,77.0,0
85612,2020,1,5,0.38,86.0,47.0,66.5,0
85612,2020,1,6,0.0,60.0,42.0,51.0,0
85612,2020,1,7,0.0,66.0,42.0,54.0,0
85612,2020,1,8,0.0,73.0,49.0,61.0,0
85612,2020,1,9,0.0,69.0,50.0,59.5,0
85612,2020,1,10,1e-05,78.0,67.0,72.5,0
85612,2020,1,11,1e-05,80.0,67.0,73.5,0
85612,2020,1,12,0.0,82.0,68.0,75.0,0
85612,2020,1,13,0.0,83.0,65.0,74.0,0
85612,2020,1,14,0.0,83.0,63.0,73.0,0
85612,2020,1,15,0.13,79.0,64.0,71.5,0
85612,2020,1,16,0.0,82.0,63.0,72.5,0
85612,2020,1,17,0.0,82.0,62.0,72.0,0
85612,2020,1,18,0.0,76.0,67.0,71.5,0
85612,2020,1,19,0.0,77.0,58.0,67.5,0
85612,2020,1,20,0.04,80.0,52.0,66.0,0
85612,2020,1,21,0.0,65.0,44.0,54.5,0
85612,2020,1,22,0.0,60.0,37.0,48.5,0
85612,2020,1,23,0.26,60.0,37.0,48.5,0
85612,2020,1,24,0.69,68.0,53.0,60.5,0
85612,2020,1,25,0.0,76.0,59.0,67.5,0
85612,2020,1,26,0.0,72.0,45.0,58.5,0
85612,2020,1,27,1e-05,67.0,45.0,56.0,0
85612,2020,1,28,0.0,71.0,56.0,63.5,0
85612,2020,1,29,0.0,66.0,51.0,58.5,0
85612,2020,1,30,1e-05,75.0,51.0,63.0,0
85612,2020,1,31,0.06,73.0,57.0,65.0,0
85612,2020,2,1,0.16,77.0,59.0,68.0,0
85612,2020,2,2,0.14,69.0,47.0,58.0,0
85612,2020,2,3,0.0,65.0,42.0,53.5,0
85612,2020,2,4,0.0,70.0,42.0,56.0,0
85612,2020,2,5,0.0,76.0,52.0,64.0,0
85612,2020,2,6,0.0,80.0,58.0,69.0,0
85612,2020,2,7,1.28,86.0,60.0,73.0,0
85612,2020,2,8,0.0,68.0,45.0,56.5,0
85612,2020,2,9,0.0,70.0,46.0,58.0,0
85612,2020,2,10,0.0,75.0,58.0,66.5,0
85612,2020,2,11,0.0,82.0,65.0,73.5,0
85612,2020,2,12,0.0,83.0,67.0,75.0,0
85612,2020,2,13,0.0,85.0,69.0,77.0,0
85612,2020,2,14,0.0,87.0,70.0,78.5,0
85612,2020,2,15,0.05,74.0,62.0,68.0,0
85612,2020,2,16,0.02,76.0,61.0,68.5,0
85612,2020,2,17,0.15,80.0,63.0,71.5,0
85612,2020,2,18,0.0,81.0,64.0,72.5,0
85612,2020,2,19,0.0,83.0,65.0,74.0,0
85612,2020,2,20,0.28,79.0,68.0,73.5,0
85612,2020,2,21,0.05,80.0,59.0,69.5,0
85612,2020,2,22,0.02,61.0,55.0,58.0,0
85612,2020,2,23,0.0,73.0,53.0,63.0,0
85612,2020,2,24,0.0,75.0,53.0,64.0,0
85612,2020,2,25,0.0,77.0,53.0,65.0,0
85612,2020,2,26,0.0,85.0,61.0,73.0,0
85612,2020,2,27,0.09,83.0,53.0,68.0,0
85612,2020,2,28,0.0,65.0,42.0,53.5,0
85612,2020,3,6,0.0,90.0,68.0,79.0,0
85612,2020,3,7,0.0,75.0,51.0,63.0,0
85612,2020,3,8,0.0,64.0,51.0,57.5,0
85612,2020,3,9,0.0,74.0,64.0,69.0,0
85612,2020,3,10,0.03,78.0,62.0,70.0,0
85612,2020,3,11,0.0,80.0,58.0,69.0,0
85612,2020,3,12,0.0,81.0,58.0,69.5,0
85612,2020,3,13,0.0,81.0,58.0,69.5,0
85612,2020,3,14,0.0,83.0,58.0,70.5,0
85612,2020,3,15,0.0,82.0,62.0,72.0,0
85612,2020,3,16,0.0,83.0,63.0,73.0,0
85612,2020,3,17,1e-05,79.0,66.0,72.5,0
85612,2020,3,18,0.0,83.0,63.0,73.0,0
85612,2020,3,19,0.0,83.0,64.0,73.5,0
85612,2020,3,20,0.0,85.0,66.0,75.5,0
85612,2020,3,21,0.0,85.0,64.0,74.5,0
85612,2020,3,22,0.0,86.0,64.0,75.0,0
85612,2020,3,23,0.0,85.0,65.0,75.0,0
85612,2020,3,24,0.0,86.0,66.0,76.0,0
85612,2020,3,25,0.0,87.0,67.0,77.0,0
85612,2020,3,26,0.0,89.0,68.0,78.5,0
85612,2020,3,27,0.0,83.0,65.0,74.0,0
85612,2020,3,28,0.0,87.0,62.0,74.5,0
85612,2020,3,29,0.0,86.0,61.0,73.5,0
85612,2020,3,30,0.0,88.0,62.0,75.0,0
85612,2020,3,31,0.0,86.0,65.0,75.5,0
85612,2020,4,14,0.0,96.0,71.0,83.5,1
85612,2020,4,15,1e-05,93.0,74.0,83.5,1
85612,2020,4,16,0.09,92.0,71.0,81.5,1
85612,2020,4,17,0.54,73.0,64.0,68.5,0
85612,2020,4,18,0.0,82.0,70.0,76.0,0
85612,2020,4,20,0.0,91.0,69.0,80.0,0
85612,2020,4,21,0.05,85.0,60.0,72.5,0
85612,2020,4,22,0.0,86.0,59.0,72.5,0
85612,2020,4,23,0.0,82.0,63.0,72.5,0
85612,2020,4,24,1e-05,89.0,72.0,80.5,1
85612,2020,4,25,2.01,76.0,68.0,72.0,0
85612,2020,4,26,0.0,87.0,69.0,78.0,0
85612,2020,4,27,0.0,85.0,61.0,73.0,0
85612,2020,4,28,0.0,76.0,59.0,67.5,0
85612,2020,4,29,0.0,81.0,62.0,71.5,0
85612,2020,4,30,0.02,84.0,67.0,75.5,0
85612,2020,5,1,0.29,82.0,57.0,69.5,0
85612,2020,5,2,0.0,82.0,55.0,68.5,0
85612,2020,5,3,0.0,83.0,59.0,71.0,0
85612,2020,5,4,0.0,83.0,59.0,71.0,0
85612,2020,5,5,0.0,87.0,64.0,75.5,0
85612,2020,5,7,0.0,90.0,63.0,76.5,0
85612,2020,5,8,0.0,77.0,54.0,65.5,0
85612,2020,5,9,0.0,84.0,62.0,73.0,0
85612,2020,5,10,0.54,83.0,65.0,74.0,0
85612,2020,5,11,0.11,75.0,66.0,70.5,0
85612,2020,5,12,0.0,81.0,63.0,72.0,0
85612,2020,5,13,0.0,82.0,69.0,75.5,0
85612,2020,5,14,0.0,83.0,72.0,77.5,0
85612,2020,5,15,0.0,83.0,73.0,78.0,0
85612,2020,5,16,0.44,83.0,72.0,77.5,0
85612,2020,5,17,0.07,83.0,71.0,77.0,0
85612,2020,5,18,0.04,89.0,70.0,79.5,0
85612,2020,5,19,1e-05,85.0,69.0,77.0,0
85612,2020,5,20,0.0,92.0,64.0,78.0,0
85612,2020,5,21,0.0,91.0,69.0,80.0,0
85612,2020,5,22,0.17,90.0,70.0,80.0,0
85612,2020,5,23,0.0,89.0,74.0,81.5,1
85612,2020,5,24,0.0,88.0,77.0,82.5,1
85612,2020,5,25,0.13,84.0,73.0,78.5,0
85612,2020,5,26,1.77,76.0,73.0,74.5,0
85612,2020,5,27,0.57,86.0,74.0,80.0,0
85612,2020,5,28,1.22,87.0,71.0,79.0,0
85612,2020,5,29,0.04,89.0,72.0,80.5,1
85612,2020,5,30,0.0,89.0,74.0,81.5,1
85612,2020,5,31,0.77,90.0,72.0,81.0,1
85612,2020,6,1,0.0,89.0,74.0,81.5,1
85612,2020,6,2,0.46,86.0,73.0,79.5,0
85612,2020,6,3,1.37,78.0,74.0,76.0,0
85612,2020,6,4,0.77,79.0,72.0,75.5,0
85612,2020,6,5,0.62,78.0,71.0,74.5,0
85612,2020,6,6,0.41,87.0,74.0,80.5,1
85612,2020,6,7,0.02,83.0,79.0,81.0,1
85612,2020,6,8,0.0,87.0,77.0,82.0,1
85612,2020,6,9,0.03,94.0,75.0,84.5,1
85612,2020,6,10,0.12,91.0,74.0,82.5,1
85612,2020,6,11,1e-05,90.0,74.0,82.0,1
85612,2020,6,12,0.0,88.0,72.0,80.0,0
85612,2020,6,13,0.0,88.0,72.0,80.0,0
85612,2020,6,14,0.12,88.0,72.0,80.0,0
85612,2020,6,15,0.0,87.0,73.0,80.0,0
85612,2020,6,16,0.0,87.0,68.0,77.5,0
85612,2020,6,17,0.0,83.0,69.0,76.0,0
85612,2020,6,18,0.0,88.0,69.0,78.5,0
85612,2020,6,19,0.1,88.0,74.0,81.0,1
85612,2020,6,20,0.11,85.0,70.0,77.5,0
85612,2020,6,21,0.85,90.0,71.0,80.5,1
85612,2020,6,22,0.0,91.0,72.0,81.5,1
85612,2020,6,23,0.07,92.0,72.0,82.0,1
85612,2020,6,24,0.81,94.0,74.0,84.0,1
85612,2020,6,25,0.0,91.0,77.0,84.0,1
85612,2020,6,26,0.09,94.0,74.0,84.0,1
85612,2020,6,27,0.0,91.0,75.0,83.0,1
85612,2020,6,28,0.0,94.0,74.0,84.0,1
85612,2020,6,29,0.0,94.0,74.0,84.0,1
85612,2020,6,30,0.0,92.0,76.0,84.0,1
85612,2020,7,1,0.0,96.0,75.0,85.5,1
85612,2020,7,2,0.41,92.0,74.0,83.0,1
85612,2020,7,3,0.0,94.0,76.0,85.0,1
85612,2020,7,4,0.21,93.0,75.0,84.0,1
85612,2020,7,5,2.3,92.0,72.0,82.0,1
85612,2020,7,6,2.68,91.0,71.0,81.0,1
85612,2020,7,7,0.65,91.0,73.0,82.0,1
85612,2020,7,8,0.2,94.0,75.0,84.5,1
85612,2020,7,9,1e-05,91.0,76.0,83.5,1
85612,2020,7,10,0.0,95.0,78.0,86.5,1
85612,2020,7,11,0.23,93.0,75.0,84.0,1
85612,2020,7,12,1e-05,94.0,77.0,85.5,1
85612,2020,7,13,0.0,93.0,76.0,84.5,1
85612,2020,7,14,0.0,96.0,78.0,87.0,1
85612,2020,7,15,0.92,92.0,74.0,83.0,1
85612,2020,7,16,0.0,90.0,74.0,82.0,1
85612,2020,7,17,0.0,91.0,76.0,83.5,1
85612,2020,7,18,0.0,91.0,76.0,83.5,1
85612,2020,7,19,0.34,90.0,77.0,83.5,1
85612,2020,7,20,0.0,90.0,76.0,83.0,1
85612,2020,7,21,0.27,90.0,78.0,84.0,1
85612,2020,7,22,0.07,91.0,76.0,83.5,1
85612,2020,7,23,0.16,84.0,75.0,79.5,0
85612,2020,7,24,0.43,88.0,74.0,81.0,1
85612,2020,7,25,1e-05,90.0,77.0,83.5,1
85612,2020,7,26,0.0,91.0,75.0,83.0,1
85612,2020,7,27,0.0,91.0,73.0,82.0,1
85612,2020,7,28,0.43,93.0,72.0,82.5,1
85612,2020,7,29,0.38,90.0,74.0,82.0,1
85612,2020,7,30,0.52,89.0,75.0,82.0,1
85612,2020,7,31,1e-05,91.0,74.0,82.5,1
85612,2020,8,1,0.0,92.0,78.0,85.0,1
85612,2020,8,2,1e-05,91.0,79.0,85.0,1
85612,2020,8,3,0.39,85.0,77.0,81.0,1
85612,2020,8,4,0.0,94.0,77.0,85.5,1
85612,2020,8,5,1.75,91.0,74.0,82.5,1
85612,2020,8,6,0.25,89.0,73.0,81.0,1
85612,2020,8,7,0.0,91.0,74.0,82.5,1
85612,2020,8,8,0.02,92.0,74.0,83.0,1
85612,2020,8,9,0.0,90.0,75.0,82.5,1
85612,2020,8,10,0.0,91.0,76.0,83.5,1
85612,2020,8,11,0.0,91.0,76.0,83.5,1
85612,2020,8,12,0.03,93.0,73.0,83.0,1
85612,2020,8,13,0.29,91.0,75.0,83.0,1
85612,2020,8,14,0.01,93.0,75.0,84.0,1
85612,2020,8,15,0.0,92.0,75.0,83.5,1
85612,2020,8,16,0.25,92.0,76.0,84.0,1
85612,2020,8,17,1e-05,94.0,76.0,85.0,1
85612,2020,8,18,0.28,91.0,73.0,82.0,1
85612,2020,8,19,0.14,92.0,73.0,82.5,1
85612,2020,8,20,0.08,89.0,72.0,80.5,1
85612,2020,8,21,0.73,89.0,73.0,81.0,1
85612,2020,8,22,0.01,92.0,76.0,84.0,1
85612,2020,8,23,0.02,92.0,76.0,84.0,1
85612,2020,8,24,0.16,92.0,79.0,85.5,1
85612,2020,8,25,0.0,92.0,82.0,87.0,1
85612,2020,8,26,0.0,92.0,80.0,86.0,1
85612,2020,8,27,1e-05,92.0,77.0,84.5,1
85612,2020,8,28,0.07,92.0,76.0,84.0,1
85612,2020,8,29,0.0,95.0,78.0,86.5,1
85612,2020,8,30,0.19,94.0,75.0,84.5,1
85612,2020,8,31,0.07,89.0,74.0,81.5,1
85612,2020,9,1,1e-05,92.0,75.0,83.5,1
85612,2020,9,2,0.0,92.0,76.0,84.0,1
85612,2020,9,3,0.0,93.0,76.0,84.5,1
85612,2020,9,4,0.0,93.0,77.0,85.0,1
85612,2020,9,5,0.0,93.0,76.0,84.5,1
85612,2020,9,6,0.0,91.0,78.0,84.5,1
85612,2020,9,7,1e-05,88.0,74.0,81.0,1
85612,2020,9,8,1.08,86.0,74.0,80.0,0
85612,2020,9,9,1e-05,88.0,74.0,81.0,1
85612,2020,9,10,0.17,90.0,76.0,83.0,1
85612,2020,9,11,0.16,90.0,77.0,83.5,1
85612,2020,9,12,0.64,89.0,78.0,83.5,1
85612,2020,9,13,0.79,89.0,74.0,81.5,1
85612,2020,9,14,0.34,87.0,76.0,81.5,1
85612,2020,9,15,0.0,91.0,76.0,83.5,1
85612,2020,9,16,0.03,90.0,75.0,82.5,1
85612,2020,9,17,0.75,88.0,76.0,82.0,1
85612,2020,9,18,0.07,92.0,77.0,84.5,1
85612,2020,9,19,0.38,89.0,74.0,81.5,1
85612,2020,9,20,0.54,91.0,74.0,82.5,1
85612,2020,9,21,1.78,87.0,77.0,82.0,1
85612,2020,9,22,1e-05,85.0,77.0,81.0,1
85612,2020,9,23,0.0,84.0,75.0,79.5,0
85612,2020,9,24,0.02,87.0,73.0,80.0,0
85612,2020,9,25,0.0,89.0,74.0,81.5,1
85612,2020,9,26,0.61,86.0,73.0,79.5,0
85612,2020,9,27,0.0,89.0,74.0,81.5,1
85612,2020,9,28,0.05,89.0,75.0,82.0,1
85612,2020,9,29,0.31,91.0,74.0,82.5,1
85612,2020,9,30,0.1,92.0,65.0,78.5,0
85612,2020,10,1,0.0,78.0,65.0,71.5,0
85612,2020,10,2,0.0,83.0,70.0,76.5,0
85612,2020,10,3,1e-05,80.0,70.0,75.0,0
85612,2020,10,4,1.24,80.0,72.0,76.0,0
85612,2020,10,5,0.1,83.0,74.0,78.5,0
85612,2020,10,6,0.15,84.0,76.0,80.0,0
85612,2020,10,7,0.0,89.0,77.0,83.0,1
85612,2020,10,8,0.0,90.0,74.0,82.0,1
85612,2020,10,9,1e-05,87.0,74.0,80.5,1
85612,2020,10,10,0.47,89.0,75.0,82.0,1
85612,2020,10,11,0.26,87.0,75.0,81.0,1
85612,2020,10,12,0.45,90.0,75.0,82.5,1
85612,2020,10,13,0.0,89.0,70.0,79.5,0
85612,2020,10,14,0.0,85.0,70.0,77.5,0
85612,2020,10,15,0.0,86.0,71.0,78.5,0
85612,2020,10,16,0.0,88.0,71.0,79.5,0
85612,2020,10,17,0.0,87.0,74.0,80.5,1
85612,2020,10,18,1e-05,85.0,75.0,80.0,0
85612,2020,10,19,0.01,85.0,77.0,81.0,1
85612,2020,10,20,0.14,83.0,75.0,79.0,0
85612,2020,10,21,0.21,84.0,72.0,78.0,0
85612,2020,10,22,0.24,83.0,73.0,78.0,0
85612,2020,10,23,0.13,85.0,74.0,79.5,0
85612,2020,10,24,0.77,82.0,71.0,76.5,0
85612,2020,10,25,0.09,85.0,71.0,78.0,0
85612,2020,10,26,0.98,85.0,71.0,78.0,0
85612,2020,10,27,0.0,85.0,72.0,78.5,0
85612,2020,10,28,0.0,86.0,76.0,81.0,1
85612,2020,10,29,0.0,88.0,74.0,81.0,1
85612,2020,10,30,1e-05,90.0,72.0,81.0,1
85612,2020,10,31,0.0,80.0,69.0,74.5,0
85612,2020,11,1,0.0,83.0,74.0,78.5,0
85612,2020,11,2,1.22,80.0,64.0,72.0,0
85612,2020,11,3,0.0,74.0,60.0,67.0,0
85612,2020,11,4,0.0,76.0,60.0,68.0,0
85612,2020,11,5,0.0,78.0,72.0,75.0,0
85612,2020,11,6,1e-05,83.0,71.0,77.0,0
85612,2020,11,7,0.01,82.0,74.0,78.0,0
85612,2020,11,8,0.13,82.0,73.0,77.5,0
85612,2020,11,9,0.47,79.0,74.0,76.5,0
85612,2020,11,10,0.78,81.0,76.0,78.5,0
85612,2020,11,11,0.38,82.0,76.0,79.0,0
85612,2020,11,12,0.25,84.0,74.0,79.0,0
85612,2020,11,13,1e-05,85.0,72.0,78.5,0
85612,2020,11,14,0.0,83.0,72.0,77.5,0
85612,2020,11,15,0.03,79.0,72.0,75.5,0
85612,2020,11,16,0.03,82.0,70.0,76.0,0
85612,2020,11,17,0.0,81.0,63.0,72.0,0
85612,2020,11,18,0.0,77.0,57.0,67.0,0
85612,2020,11,19,0.01,76.0,66.0,71.0,0
85612,2020,11,20,0.03,78.0,66.0,72.0,0
85612,2020,11,21,0.19,78.0,68.0,73.0,0
85612,2020,11,22,1.06,74.0,69.0,71.5,0
85612,2020,11,23,0.98,74.0,67.0,70.5,0
85612,2020,11,24,0.0,78.0,61.0,69.5,0
85612,2020,11,25,1e-05,79.0,61.0,70.0,0
85612,2020,11,26,0.0,82.0,61.0,71.5,0
85612,2020,11,27,0.0,83.0,61.0,72.0,0
85612,2020,11,28,0.0,81.0,62.0,71.5,0
85612,2020,11,29,0.0,83.0,64.0,73.5,0
85612,2020,11,30,0.0,82.0,64.0,73.0,0
85612,2020,12,1,0.05,73.0,46.0,59.5,0
85612,2020,12,2,0.0,59.0,41.0,50.0,0
85612,2020,12,3,0.0,63.0,42.0,52.5,0
85612,2020,12,4,0.0,73.0,52.0,62.5,0
85612,2020,12,5,1e-05,76.0,61.0,68.5,0
85612,2020,12,6,0.0,70.0,49.0,59.5,0
85612,2020,12,7,0.42,72.0,49.0,60.5,0
85612,2020,12,8,0.05,63.0,44.0,53.5,0
85612,2020,12,9,0.0,60.0,39.0,49.5,0
85612,2020,12,10,0.0,64.0,40.0,52.0,0
85612,2020,12,11,0.0,70.0,41.0,55.5,0
85612,2020,12,12,0.0,73.0,49.0,61.0,0
85612,2020,12,13,0.04,74.0,58.0,66.0,0
85612,2020,12,14,0.0,82.0,58.0,70.0,0
85612,2020,12,15,0.0,79.0,65.0,72.0,0
85612,2020,12,16,0.0,74.0,58.0,66.0,0
85612,2020,12,17,0.01,79.0,58.0,68.5,0
85612,2020,12,18,0.0,68.0,42.0,55.0,0
85612,2020,12,19,0.0,60.0,42.0,51.0,0
85612,2020,12,20,0.0,73.0,52.0,62.5,0
85612,2020,12,21,0.27,79.0,54.0,66.5,0
85612,2020,12,22,0.0,72.0,51.0,61.5,0
85612,2020,12,23,0.0,68.0,47.0,57.5,0
85612,2020,12,24,0.0,76.0,49.0,62.5,0
85612,2020,12,25,0.05,81.0,41.0,61.0,0
85612,2020,12,26,0.0,54.0,37.0,45.5,0
85612,2020,12,27,0.0,57.0,37.0,47.0,0
85612,2020,12,28,0.04,69.0,43.0,56.0,0
85612,2020,12,29,0.03,73.0,55.0,64.0,0
85612,2020,12,30,1e-05,74.0,56.0,65.0,0
85612,2020,12,31,0.0,79.0,68.0,73.5,0
85612,2021,1,1,0.0,81.0,71.0,76.0,0
85612,2021,1,2,0.0,84.0,69.0,76.5,0
85612,2021,1,3,1e-05,80.0,62.0,71.0,0
85612,2021,1,4,0.0,69.0,47.0,58.0,0
85612,2021,1,5,0.0,71.0,42.0,56.5,0
85612,2021,1,6,0.0,70.0,46.0,58.0,0
85612,2021,1,7,0.0,75.0,50.0,62.5,0
85612,2021,1,8,0.01,72.0,52.0,62.0,0
85612,2021,1,9,0.0,59.0,40.0,49.5,0
85612,2021,1,10,0.0,64.0,36.0,50.0,0
85612,2021,1,11,0.0,73.0,51.0,62.0,0
85612,2021,1,12,0.0,70.0,55.0,62.5,0
85612,2021,1,13,1e-05,63.0,51.0,57.0,0
85612,2021,1,14,0.0,67.0,46.0,56.5,0
85612,2021,1,15,0.02,73.0,41.0,57.0,0
85612,2021,1,16,0.0,66.0,43.0,54.5,0
85612,2021,1,17,0.0,63.0,40.0,51.5,0
85612,2021,1,18,0.0,66.0,47.0,56.5,0
85612,2021,1,19,0.0,71.0,42.0,56.5,0
85612,2021,1,20,0.0,72.0,45.0,58.5,0
85612,2021,1,21,0.0,78.0,46.0,62.0,0
85612,2021,1,22,0.0,79.0,52.0,65.5,0
85612,2021,1,23,0.0,76.0,57.0,66.5,0
85612,2021,1,24,0.01,76.0,60.0,68.0,0
85612,2021,1,25,0.0,77.0,66.0,71.5,0
85612,2021,1,26,0.0,82.0,59.0,70.5,0
85612,2021,1,27,1e-05,84.0,62.0,73.0,0
85612,2021,1,28,0.0,71.0,49.0,60.0,0
85612,2021,1,29,0.0,67.0,45.0,56.0,0
85612,2021,1,30,0.0,71.0,44.0,57.5,0
85612,2021,1,31,0.0,79.0,53.0,66.0,0
85612,2021,2,1,0.07,71.0,46.0,58.5,0
85612,2021,2,2,0.0,58.0,41.0,49.5,0
85612,2021,2,3,0.0,61.0,35.0,48.0,0
85612,2021,2,4,0.0,66.0,31.0,48.5,0
85612,2021,2,5,0.0,81.0,44.0,62.5,0
85612,2021,2,6,0.03,75.0,53.0,64.0,0
85612,2021,2,7,0.57,82.0,63.0,72.5,0
85612,2021,2,8,0.01,73.0,63.0,68.0,0
85612,2021,2,9,0.0,83.0,66.0,74.5,0
85612,2021,2,10,0.0,84.0,65.0,74.5,0
85612,2021,2,11,0.0,81.0,63.0,72.0,0
85612,2021,2,12,0.01,81.0,67.0,74.0,0
85612,2021,2,13,0.22,88.0,69.0,78.5,0
85612,2021,2,14,0.55,89.0,70.0,79.5,0
85612,2021,2,15,0.1,89.0,69.0,79.0,0
85612,2021,2,16,0.21,78.0,66.0,72.0,0
85612,2021,2,17,0.4,72.0,63.0,67.5,0
85612,2021,2,18,0.0,87.0,69.0,78.0,0
85612,2021,2,19,0.36,88.0,57.0,72.5,0
85612,2021,2,20,0.0,67.0,51.0,59.0,0
85612,2021,2,21,0.0,73.0,59.0,66.0,0
85612,2021,2,22,0.08,78.0,64.0,71.0,0
85612,2021,2,23,1e-05,75.0,61.0,68.0,0
85612,2021,2,24,0.0,77.0,55.0,66.0,0
85612,2021,2,25,0.0,78.0,57.0,67.5,0
85612,2021,2,26,0.0,79.0,54.0,66.5,0
85612,2021,2,27,0.0,82.0,64.0,73.0,0
85612,2021,2,28,0.0,82.0,71.0,76.5,0
85612,2021,3,1,0.0,89.0,70.0,79.5,0
85612,2021,3,2,0.03,80.0,65.0,72.5,0
85612,2021,3,3,0.16,81.0,60.0,70.5,0
85612,2021,3,4,0.0,72.0,53.0,62.5,0
85612,2021,3,5,0.0,76.0,47.0,61.5,0
85612,2021,3,6,0.09,74.0,56.0,65.0,0
85612,2021,3,7,0.01,69.0,57.0,63.0,0
85612,2021,3,8,0.0,71.0,56.0,63.5,0
85612,2021,3,9,0.0,74.0,56.0,65.0,0
85612,2021,3,10,0.0,75.0,55.0,65.0,0
85612,2021,3,11,0.0,76.0,60.0,68.0,0
85612,2021,3,12,0.0,78.0,56.0,67.0,0
85612,2021,3,13,0.0,77.0,54.0,65.5,0
85612,2021,3,14,0.0,78.0,55.0,66.5,0
85612,2021,3,15,0.0,81.0,59.0,70.0,0
85612,2021,3,16,0.0,83.0,61.0,72.0,0
85612,2021,3,17,0.0,87.0,61.0,74.0,0
85612,2021,3,18,1e-05,91.0,66.0,78.5,0
85612,2021,3,19,0.0,79.0,61.0,70.0,0
85612,2021,3,20,0.0,73.0,54.0,63.5,0
85612,2021,3,21,0.0,71.0,54.0,62.5,0
85612,2021,3,22,1e-05,72.0,56.0,64.0,0
85612,2021,3,23,0.0,77.0,53.0,65.0,0
85612,2021,3,24,0.0,79.0,56.0,67.5,0
85612,2021,3,25,0.0,84.0,66.0,75.0,0
85612,2021,3,26,0.0,86.0,71.0,78.5,0
85612,2021,3,27,0.0,84.0,65.0,74.5,0
85612,2021,3,28,0.0,91.0,69.0,80.0,0
85612,2021,3,29,0.0,81.0,68.0,74.5,0
85612,2021,3,30,0.0,85.0,72.0,78.5,0
85612,2021,3,31,0.58,86.0,70.0,78.0,0
85612,2021,4,1,1e-05,80.0,61.0,70.5,0
85612,2021,4,2,0.0,68.0,50.0,59.0,0
85612,2021,4,3,0.0,72.0,50.0,61.0,0
85612,2021,4,4,0.0,74.0,53.0,63.5,0
85612,2021,4,5,0.0,75.0,52.0,63.5,0
85612,2021,4,6,0.0,79.0,53.0,66.0,0
85612,2021,4,7,0.0,80.0,56.0,68.0,0
85612,2021,4,8,0.0,81.0,57.0,69.0,0
85612,2021,4,9,0.0,82.0,60.0,71.0,0
85612,2021,4,10,1e-05,87.0,65.0,76.0,0
85612,2021,4,11,1.61,76.0,63.0,69.5,0
85612,2021,4,12,0.0,81.0,60.0,70.5,0
85612,2021,4,13,0.0,86.0,56.0,71.0,0
85612,2021,4,14,0.0,81.0,70.0,75.5,0
85612,2021,4,15,0.0,88.0,64.0,76.0,0
85612,2021,4,16,0.0,83.0,65.0,74.0,0
85612,2021,4,17,0.0,89.0,69.0,79.0,0
85612,2021,4,18,0.0,89.0,72.0,80.5,1
85612,2021,4,19,0.65,78.0,70.0,74.0,0
85612,2021,4,20,0.45,77.0,69.0,73.0,0
85612,2021,4,21,0.0,85.0,67.0,76.0,0
85612,2021,4,22,0.0,77.0,58.0,67.5,0
85612,2021,4,23,0.0,77.0,68.0,72.5,0
85612,2021,4,24,1e-05,85.0,72.0,78.5,0
85612,2021,4,25,0.05,87.0,70.0,78.5,0
85612,2021,4,26,1e-05,82.0,62.0,72.0,0
85612,2021,4,27,0.0,81.0,72.0,76.5,0
85612,2021,4,28,0.0,82.0,72.0,77.0,0
85612,2021,4,29,0.0,85.0,73.0,79.0,0
85612,2021,4,30,0.0,91.0,72.0,81.5,1
85612,2021,5,1,0.0,85.0,67.0,76.0,0
85612,2021,5,2,0.0,92.0,77.0,84.5,1
85612,2021,5,3,0.03,92.0,75.0,83.5,1
85612,2021,5,4,0.07,91.0,74.0,82.5,1
85612,2021,5,5,0.65,94.0,73.0,83.5,1
85612,2021,5,6,0.16,91.0,72.0,81.5,1
85612,2021,5,7,0.0,85.0,64.0,74.5,0
85612,2021,5,8,0.0,81.0,60.0,70.5,0
85612,2021,5,9,0.0,84.0,65.0,74.5,0
85612,2021,5,10,0.08,92.0,74.0,83.0,1
85612,2021,5,11,0.0,88.0,72.0,80.0,0
85612,2021,5,12,0.32,91.0,73.0,82.0,1
85612,2021,5,13,1e-05,80.0,68.0,74.0,0
85612,2021,5,14,1e-05,83.0,65.0,74.0,0
85612,2021,5,15,0.0,83.0,73.0,78.0,0
85612,2021,5,16,0.0,81.0,72.0,76.5,0
85612,2021,5,17,1e-05,83.0,72.0,77.5,0
85612,2021,5,18,0.0,85.0,75.0,80.0,0
85612,2021,5,19,0.0,84.0,75.0,79.5,0
85612,2021,5,20,0.02,83.0,72.0,77.5,0
85612,2021,5,21,1e-05,84.0,74.0,79.0,0
85612,2021,5,22,1e-05,84.0,74.0,79.0,0
85612,2021,5,23,0.0,82.0,73.0,77.5,0
85612,2021,5,24,0.0,83.0,63.0,73.0,0
85612,2021,5,25,0.0,84.0,68.0,76.0,0
85612,2021,5,26,0.0,85.0,68.0,76.5,0
85612,2021,5,27,0.0,87.0,66.0,76.5,0
85612,2021,5,28,0.0,88.0,71.0,79.5,0
85612,2021,5,29,1e-05,91.0,73.0,82.0,1
85612,2021,5,30,0.01,87.0,72.0,79.5,0
85612,2021,5,31,0.0,83.0,71.0,77.0,0
85612,2021,6,1,0.16,85.0,74.0,79.5,0
85612,2021,6,2,0.01,86.0,72.0,79.0,0
85612,2021,6,3,0.71,85.0,74.0,79.5,0
85612,2021,6,4,0.12,85.0,74.0,79.5,0
85612,2021,6,5,0.0,88.0,75.0,81.5,1
85612,2021,6,6,0.02,87.0,76.0,81.5,1
85612,2021,6,7,0.0,88.0,78.0,83.0,1
85612,2021,6,8,0.0,87.0,78.0,82.5,1
85612,2021,6,9,0.0,87.0,77.0,82.0,1
85612,2021,6,10,0.0,89.0,71.0,80.0,0
85612,2021,6,11,0.05,92.0,74.0,83.0,1
85612,2021,6,12,0.53,93.0,73.0,83.0,1
85612,2021,6,13,0.03,94.0,73.0,83.5,1
85612,2021,6,14,2.73,92.0,71.0,81.5,1
85612,2021,6,15,0.11,89.0,73.0,81.0,1
85612,2021,6,16,0.86,86.0,71.0,78.5,0
85612,2021,6,17,0.0,86.0,71.0,78.5,0
85612,2021,6,18,0.0,86.0,74.0,80.0,0
85612,2021,6,19,0.0,89.0,78.0,83.5,1
85612,2021,6,20,1e-05,95.0,78.0,86.5,1
85612,2021,6,21,0.09,92.0,73.0,82.5,1
85612,2021,6,22,0.9,95.0,72.0,83.5,1
85612,2021,6,23,0.01,87.0,73.0,80.0,0
85612,2021,6,24,0.0,87.0,72.0,79.5,0
85612,2021,6,25,0.01,86.0,76.0,81.0,1
85612,2021,6,26,0.11,86.0,77.0,81.5,1
85612,2021,6,27,1e-05,87.0,79.0,83.0,1
85612,2021,6,28,0.0,87.0,78.0,82.5,1
85612,2021,6,29,0.16,86.0,75.0,80.5,1
85612,2021,6,30,0.0,87.0,76.0,81.5,1
85612,2021,7,1,0.03,84.0,75.0,79.5,0
85612,2021,7,2,0.0,92.0,73.0,82.5,1
85612,2021,7,3,0.21,88.0,75.0,81.5,1
85612,2021,7,4,0.36,93.0,73.0,83.0,1
85612,2021,7,5,0.7,88.0,74.0,81.0,1
85612,2021,7,6,1e-05,85.0,75.0,80.0,0
85612,2021,7,7,0.06,88.0,79.0,83.5,1
85612,2021,7,8,0.0,92.0,77.0,84.5,1
85612,2021,7,9,0.14,90.0,73.0,81.5,1
85612,2021,7,10,0.01,89.0,73.0,81.0,1
85612,2021,7,11,1e-05,87.0,74.0,80.5,1
85612,2021,7,12,1e-05,88.0,76.0,82.0,1
85612,2021,7,13,0.06,86.0,77.0,81.5,1
85612,2021,7,14,0.19,85.0,78.0,81.5,1
85612,2021,7,15,0.01,87.0,80.0,83.5,1
85612,2021,7,16,0.09,87.0,79.0,83.0,1
85612,2021,7,17,0.0,88.0,76.0,82.0,1
85612,2021,7,18,0.0,90.0,77.0,83.5,1
85612,2021,7,19,0.0,90.0,77.0,83.5,1
85612,2021,7,20,1e-05,93.0,77.0,85.0,1
85612,2021,7,21,0.0,95.0,76.0,85.5,1
85612,2021,7,22,1e-05,92.0,76.0,84.0,1
85612,2021,7,23,0.08,95.0,77.0,86.0,1
85612,2021,7,24,0.0,90.0,74.0,82.0,1
85612,2021,7,25,0.1,92.0,75.0,83.5,1
85612,2021,7,26,1e-05,91.0,77.0,84.0,1
85612,2021,7,27,0.47,91.0,76.0,83.5,1
85612,2021,7,28,0.89,92.0,76.0,84.0,1
85612,2021,7,29,1.73,92.0,75.0,83.5,1
85612,2021,7,30,0.0,92.0,73.0,82.5,1
85612,2021,7,31,1e-05,95.0,77.0,86.0,1
85612,2021,8,1,0.05,96.0,78.0,87.0,1
85612,2021,8,2,0.07,95.0,76.0,85.5,1
85612,2021,8,3,2.42,89.0,72.0,80.5,1
85612,2021,8,4,0.15,83.0,74.0,78.5,0
85612,2021,8,5,0.0,92.0,76.0,84.0,1
85612,2021,8,6,0.05,90.0,77.0,83.5,1
85612,2021,8,7,1.08,91.0,75.0,83.0,1
85612,2021,8,8,0.33,90.0,75.0,82.5,1
85612,2021,8,9,0.0,88.0,76.0,82.0,1
85612,2021,8,10,0.0,88.0,77.0,82.5,1
85612,2021,8,11,0.0,89.0,76.0,82.5,1
85612,2021,8,12,1e-05,89.0,78.0,83.5,1
85612,2021,8,13,0.39,89.0,76.0,82.5,1
85612,2021,8,14,0.21,88.0,76.0,82.0,1
85612,2021,8,15,0.05,88.0,78.0,83.0,1
85612,2021,8,16,1e-05,89.0,79.0,84.0,1
85612,2021,8,17,0.07,90.0,78.0,84.0,1
85612,2021,8,18,0.0,90.0,77.0,83.5,1
85612,2021,8,19,0.0,89.0,77.0,83.0,1
85612,2021,8,20,0.0,92.0,75.0,83.5,1
85612,2021,8,21,0.0,93.0,77.0,85.0,1
85612,2021,8,22,0.1,92.0,76.0,84.0,1
85612,2021,8,23,0.64,91.0,72.0,81.5,1
85612,2021,8,24,0.0,90.0,74.0,82.0,1
85612,2021,8,25,0.38,89.0,73.0,81.0,1
85612,2021,8,26,0.01,88.0,74.0,81.0,1
85612,2021,8,27,0.89,83.0,77.0,80.0,0
85612,2021,8,28,0.19,88.0,78.0,83.0,1
85612,2021,8,29,0.0,89.0,81.0,85.0,1
85612,2021,8,30,0.0,89.0,78.0,83.5,1
85612,2021,8,31,0.0,90.0,76.0,83.0,1
85612,2021,9,1,0.21,90.0,76.0,83.0,1
85612,2021,9,2,0.01,92.0,75.0,83.5,1
85612,2021,9,3,0.53,90.0,74.0,82.0,1
85612,2021,9,4,0.0,88.0,73.0,80.5,1
85612,2021,9,5,0.0,90.0,73.0,81.5,1
85612,2021,9,6,1e-05,90.0,75.0,82.5,1
85612,2021,9,7,0.0,90.0,75.0,82.5,1
85612,2021,9,8,0.1,90.0,74.0,82.0,1
85612,2021,9,9,0.11,91.0,74.0,82.5,1
85612,2021,9,10,0.38,89.0,73.0,81.0,1
85612,2021,9,11,0.0,87.0,72.0,79.5,0
85612,2021,9,12,1e-05,90.0,81.0,85.5,1
85612,2021,9,13,0.03,89.0,76.0,82.5,1
85612,2021,9,14,0.01,88.0,76.0,82.0,1
85612,2021,9,15,0.07,88.0,74.0,81.0,1
85612,2021,9,16,0.58,88.0,74.0,81.0,1
85612,2021,9,17,0.63,87.0,75.0,81.0,1
85612,2021,9,18,1e-05,87.0,74.0,80.5,1
85612,2021,9,19,0.17,87.0,75.0,81.0,1
85612,2021,9,20,0.66,91.0,76.0,83.5,1
85612,2021,9,21,0.01,84.0,74.0,79.0,0
85612,2021,9,22,1e-05,89.0,72.0,80.5,1
85612,2021,9,23,0.0,88.0,74.0,81.0,1
85612,2021,9,24,0.0,88.0,75.0,81.5,1
85612,2021,9,25,0.0,88.0,74.0,81.0,1
85612,2021,9,26,0.0,86.0,71.0,78.5,0
85612,2021,9,27,0.0,86.0,67.0,76.5,0
85612,2021,9,28,0.0,86.0,65.0,75.5,0
85612,2021,9,29,0.03,85.0,67.0,76.0,0
85612,2021,9,30,0.0,86.0,70.0,78.0,0
85612,2021,10,1,0.02,87.0,76.0,81.5,1
85612,2021,10,2,0.0,86.0,79.0,82.5,1
85612,2021,10,3,1e-05,87.0,73.0,80.0,0
85612,2021,10,4,1e-05,87.0,70.0,78.5,0
85612,2021,10,5,0.0,87.0,69.0,78.0,0
85612,2021,10,6,0.0,88.0,73.0,80.5,1
85612,2021,10,7,0.0,88.0,73.0,80.5,1
85612,2021,10,8,1.15,91.0,72.0,81.5,1
85612,2021,10,9,0.0,86.0,71.0,78.5,0
85612,2021,10,10,0.44,86.0,69.0,77.5,0
85612,2021,10,11,1e-05,85.0,70.0,77.5,0
85612,2021,10,12,1e-05,86.0,70.0,78.0,0
85612,2021,10,13,0.26,86.0,72.0,79.0,0
85612,2021,10,14,0.01,86.0,73.0,79.5,0
85612,2021,10,15,0.0,87.0,72.0,79.5,0
85612,2021,10,16,0.0,87.0,69.0,78.0,0
85612,2021,10,17,0.0,84.0,70.0,77.0,0
85612,2021,10,18,0.0,81.0,62.0,71.5,0
85612,2021,10,19,0.0,83.0,74.0,78.5,0
85612,2021,10,20,0.0,84.0,74.0,79.0,0
85612,2021,10,21,0.0,85.0,74.0,79.5,0
85612,2021,10,22,0.0,84.0,66.0,75.0,0
85612,2021,10,23,0.0,85.0,70.0,77.5,0
85612,2021,10,24,0.02,86.0,77.0,81.5,1
85612,2021,10,25,0.55,89.0,74.0,81.5,1
85612,2021,10,26,0.0,88.0,67.0,77.5,0
85612,2021,10,27,0.0,83.0,60.0,71.5,0
85612,2021,10,28,0.26,85.0,66.0,75.5,0
85612,2021,10,29,1e-05,83.0,68.0,75.5,0
85612,2021,10,30,0.01,76.0,61.0,68.5,0
85612,2021,10,31,0.0,76.0,58.0,67.0,0
85612,2021,11,1,0.0,77.0,55.0,66.0,0
85612,2021,11,2,0.0,82.0,63.0,72.5,0
85612,2021,11,3,0.0,82.0,63.0,72.5,0
85612,2021,11,4,0.0,78.0,63.0,70.5,0
85612,2021,11,5,1.53,75.0,68.0,71.5,0
85612,2021,11,6,0.01,72.0,52.0,62.0,0
85612,2021,11,7,0.0,69.0,50.0,59.5,0
85612,2021,11,8,0.0,75.0,54.0,64.5,0
85612,2021,11,9,0.0,79.0,54.0,66.5,0
85612,2021,11,10,0.62,74.0,59.0,66.5,0
85612,2021,11,11,0.05,81.0,66.0,73.5,0
85612,2021,11,12,0.0,80.0,66.0,73.0,0
85612,2021,11,13,1e-05,83.0,61.0,72.0,0
85612,2021,11,14,0.0,73.0,52.0,62.5,0
85612,2021,11,15,0.0,71.0,48.0,59.5,0
85612,2021,11,16,0.0,78.0,49.0,63.5,0
85612,2021,11,17,0.0,80.0,68.0,74.0,0
85612,2021,11,18,0.01,79.0,70.0,74.5,0
85612,2021,11,19,0.25,80.0,70.0,75.0,0
85612,2021,11,20,0.01,78.0,71.0,74.5,0
85612,2021,11,21,1.68,80.0,69.0,74.5,0
85612,2021,11,22,1e-05,78.0,63.0,70.5,0
85612,2021,11,23,0.0,68.0,51.0,59.5,0
85612,2021,11,24,1e-05,72.0,50.0,61.0,0
85612,2021,11,25,0.0,76.0,58.0,67.0,0
85612,2021,11,26,0.0,78.0,55.0,66.5,0
85612,2021,11,27,0.0,70.0,47.0,58.5,0
85612,2021,11,28,0.0,71.0,48.0,59.5,0
85612,2021,11,29,0.04,71.0,50.0,60.5,0
85612,2021,11,30,0.0,71.0,46.0,58.5,0
85612,2021,12,1,0.0,76.0,51.0,63.5,0
85612,2021,12,2,0.0,74.0,51.0,62.5,0
85612,2021,12,3,0.0,75.0,48.0,61.5,0
85612,2021,12,4,0.0,76.0,48.0,62.0,0
85612,2021,12,5,0.0,78.0,55.0,66.5,0
85612,2021,12,6,0.0,82.0,59.0,70.5,0
85612,2021,12,7,0.0,80.0,57.0,68.5,0
85612,2021,12,8,0.0,84.0,58.0,71.0,0
85612,2021,12,9,0.0,80.0,63.0,71.5,0
85612,2021,12,10,0.0,81.0,61.0,71.0,0
85612,2021,12,11,0.0,81.0,62.0,71.5,0
85612,2021,12,12,0.0,85.0,62.0,73.5,0
85612,2021,12,13,0.0,81.0,62.0,71.5,0
85612,2021,12,14,0.44,79.0,69.0,74.0,0
85612,2021,12,15,0.46,79.0,69.0,74.0,0
85612,2021,12,16,0.62,81.0,70.0,75.5,0
85612,2021,12,17,0.0,80.0,62.0,71.0,0
85612,2021,12,18,0.0,81.0,64.0,72.5,0
85612,2021,12,19,0.08,86.0,69.0,77.5,0
85612,2021,12,20,1.6,81.0,68.0,74.5,0
85612,2021,12,21,0.19,75.0,64.0,69.5,0
85612,2021,12,22,1e-05,65.0,49.0,57.0,0
85612,2021,12,23,0.0,71.0,46.0,58.5,0
85612,2021,12,24,0.0,76.0,54.0,65.0,0
85612,2021,12,25,0.0,80.0,53.0,66.5,0
85612,2021,12,26,0.0,79.0,55.0,67.0,0
85612,2021,12,27,0.0,77.0,55.0,66.0,0
85612,2021,12,28,0.0,81.0,57.0,69.0,0
85612,2021,12,29,0.0,82.0,59.0,70.5,0
85612,2021,12,30,0.0,83.0,61.0,72.0,0
85612,2021,12,31,0.0,83.0,62.0,72.5,0
85612,2022,1,1,0.0,83.0,63.0,73.0,0
85612,2022,1,2,0.0,83.0,66.0,74.5,0
85612,2022,1,3,0.02,83.0,67.0,75.0,0
85612,2022,1,4,0.0,70.0,51.0,60.5,0
85612,2022,1,5,0.0,73.0,52.0,62.5,0
85612,2022,1,6,0.0,76.0,57.0,66.5,0
85612,2022,1,7,1e-05,75.0,56.0,65.5,0
85612,2022,1,8,0.0,74.0,60.0,67.0,0
85612,2022,1,9,0.0,76.0,66.0,71.0,0
85612,2022,1,10,0.0,78.0,62.0,70.0,0
85612,2022,1,11,0.22,82.0,56.0,69.0,0
85612,2022,1,12,1e-05,70.0,56.0,63.0,0
85612,2022,1,13,1e-05,72.0,59.0,65.5,0
85612,2022,1,14,0.0,74.0,49.0,61.5,0
85612,2022,1,15,0.0,68.0,41.0,54.5,0
85612,2022,1,16,1e-05,72.0,41.0,56.5,0
85612,2022,1,17,0.37,70.0,51.0,60.5,0
85612,2022,1,18,0.0,64.0,41.0,52.5,0
85612,2022,1,19,0.0,60.0,41.0,50.5,0
85612,2022,1,20,0.0,73.0,47.0,60.0,0
85612,2022,1,21,0.0,78.0,51.0,64.5,0
85612,2022,1,22,0.01,76.0,56.0,66.0,0
85612,2022,1,23,1e-05,62.0,46.0,54.0,0
85612,2022,1,24,0.0,59.0,36.0,47.5,0
85612,2022,1,25,0.0,63.0,37.0,50.0,0
85612,2022,1,26,0.44,59.0,47.0,53.0,0
85612,2022,1,27,0.37,65.0,59.0,62.0,0
85612,2022,1,28,0.06,73.0,58.0,65.5,0
85612,2022,1,29,0.01,69.0,42.0,55.5,0
85612,2022,1,30,0.0,52.0,33.0,42.5,0
85612,2022,1,31,0.0,55.0,33.0,44.0,0
85612,2022,2,1,0.0,64.0,32.0,48.0,0
85612,2022,2,2,0.0,69.0,42.0,55.5,0
85612,2022,2,3,0.0,76.0,59.0,67.5,0
85612,2022,2,4,0.0,77.0,61.0,69.0,0
85612,2022,2,5,1e-05,82.0,65.0,73.5,0
85612,2022,2,6,0.02,66.0,56.0,61.0,0
85612,2022,2,7,0.0,71.0,56.0,63.5,0
85612,2022,2,8,0.0,65.0,54.0,59.5,0
85612,2022,2,9,0.35,63.0,51.0,57.0,0
85612,2022,2,10,0.03,66.0,44.0,55.0,0
85612,2022,2,11,0.0,69.0,44.0,56.5,0
85612,2022,2,12,1e-05,74.0,56.0,65.0,0
85612,2022,2,13,1e-05,80.0,56.0,68.0,0
85612,2022,2,14,0.05,73.0,44.0,58.5,0
85612,2022,2,15,0.0,60.0,44.0,52.0,0
85612,2022,2,16,0.0,71.0,50.0,60.5,0
85612,2022,2,17,0.16,76.0,67.0,71.5,0
85612,2022,2,18,1e-05,78.0,66.0,72.0,0
85612,2022,2,19,0.0,86.0,67.0,76.5,0
85612,2022,2,20,0.11,70.0,53.0,61.5,0
85612,2022,2,21,0.0,74.0,52.0,63.0,0
85612,2022,2,22,0.0,76.0,59.0,67.5,0
85612,2022,2,23,0.01,77.0,64.0,70.5,0
85612,2022,2,24,0.0,79.0,61.0,70.0,0
85612,2022,2,25,0.0,79.0,61.0,70.0,0
85612,2022,2,26,0.0,80.0,63.0,71.5,0
85612,2022,2,27,0.0,79.0,59.0,69.0,0
85612,2022,2,28,0.0,80.0,59.0,69.5,0
85612,2022,3,1,0.2,79.0,61.0,70.0,0
85612,2022,3,2,0.0,73.0,53.0,63.0,0
85612,2022,3,3,0.0,76.0,53.0,64.5,0
85612,2022,3,4,0.0,78.0,57.0,67.5,0
85612,2022,3,5,0.0,79.0,59.0,69.0,0
85612,2022,3,6,0.0,79.0,69.0,74.0,0
85612,2022,3,7,0.0,81.0,72.0,76.5,0
85612,2022,3,8,1e-05,81.0,71.0,76.0,0
85612,2022,3,9,0.1,79.0,67.0,73.0,0
85612,2022,3,10,1.05,88.0,70.0,79.0,0
85612,2022,3,11,1.83,83.0,67.0,75.0,0
85612,2022,3,12,0.0,88.0,68.0,78.0,0
85612,2022,3,13,0.56,79.0,41.0,60.0,0
85612,2022,3,14,1e-05,66.0,41.0,53.5,0
85612,2022,3,15,0.02,73.0,65.0,69.0,0
85612,2022,3,16,0.36,76.0,65.0,70.5,0
85612,2022,3,17,0.28,85.0,65.0,75.0,0
85612,2022,3,18,0.0,82.0,66.0,74.0,0
85612,2022,3,19,1e-05,83.0,66.0,74.5,0
85612,2022,3,20,0.0,86.0,68.0,77.0,0
85612,2022,3,21,0.0,77.0,65.0,71.0,0
85612,2022,3,22,0.0,75.0,69.0,72.0,0
85612,2022,3,23,0.0,78.0,70.0,74.0,0
85612,2022,3,24,0.33,83.0,73.0,78.0,0
85612,2022,3,25,0.93,83.0,62.0,72.5,0
85612,2022,3,26,0.0,77.0,56.0,66.5,0
85612,2022,3,27,0.0,79.0,54.0,66.5,0
85612,2022,3,28,0.0,79.0,56.0,67.5,0
85612,2022,3,29,0.0,85.0,57.0,71.0,0
85612,2022,3,30,0.0,80.0,58.0,69.0,0
85612,2022,3,31,0.0,80.0,65.0,72.5,0
85612,2022,4,1,0.0,89.0,72.0,80.5,1
85612,2022,4,2,5.58,80.0,68.0,74.0,0
85612,2022,4,3,1.0,82.0,65.0,73.5,0
85612,2022,4,4,0.0,73.0,59.0,66.0,0
85612,2022,4,5,0.0,77.0,63.0,70.0,0
85612,2022,4,6,0.01,89.0,73.0,81.0,1
85612,2022,4,7,0.08,89.0,73.0,81.0,1
85612,2022,4,8,0.12,83.0,60.0,71.5,0
85612,2022,4,9,0.0,75.0,55.0,65.0,0
85612,2022,4,10,0.0,74.0,46.0,60.0,0
85612,2022,4,11,0.0,70.0,49.0,59.5,0
85612,2022,4,12,0.0,75.0,56.0,65.5,0
85612,2022,4,13,0.0,78.0,62.0,70.0,0
85612,2022,4,14,0.0,79.0,66.0,72.5,0
85612,2022,4,15,0.0,83.0,69.0,76.0,0
85612,2022,4,16,1e-05,79.0,67.0,73.0,0
85612,2022,4,17,0.0,80.0,67.0,73.5,0
85612,2022,4,18,0.0,83.0,71.0,77.0,0
85612,2022,4,19,0.0,87.0,68.0,77.5,0
85612,2022,4,20,0.0,74.0,62.0,68.0,0
85612,2022,4,21,0.0,77.0,71.0,74.0,0
85612,2022,4,22,0.0,78.0,72.0,75.0,0
85612,2022,4,23,0.0,78.0,72.0,75.0,0
85612,2022,4,24,0.0,78.0,72.0,75.0,0
85612,2022,4,25,0.05,79.0,72.0,75.5,0
85612,2022,4,26,0.0,80.0,63.0,71.5,0
85612,2022,4,27,0.0,81.0,64.0,72.5,0
85612,2022,4,28,0.0,86.0,67.0,76.5,0
85612,2022,4,29,0.0,79.0,73.0,76.0,0
85612,2022,4,30,0.0,78.0,72.0,75.0,0
85612,2022,5,1,0.0,79.0,73.0,76.0,0
85612,2022,5,2,0.0,81.0,68.0,74.5,0
85612,2022,5,3,0.0,82.0,70.0,76.0,0
85612,2022,5,4,0.0,82.0,69.0,75.5,0
85612,2022,5,5,0.0,84.0,68.0,76.0,0
85612,2022,5,6,0.0,90.0,71.0,80.5,1
85612,2022,5,7,0.17,94.0,71.0,82.5,1
85612,2022,5,8,0.01,87.0,71.0,79.0,0
85612,2022,5,9,0.0,90.0,71.0,80.5,1
85612,2022,5,10,0.0,79.0,69.0,74.0,0
85612,2022,5,11,1e-05,79.0,65.0,72.0,0
85612,2022,5,12,0.03,80.0,64.0,72.0,0
85612,2022,5,13,1e-05,79.0,64.0,71.5,0
85612,2022,5,14,0.0,80.0,66.0,73.0,0
85612,2022,5,15,1e-05,84.0,73.0,78.5,0
85612,2022,5,16,1e-05,84.0,69.0,76.5,0
85612,2022,5,17,0.0,91.0,71.0,81.0,1
85612,2022,5,18,0.0,87.0,72.0,79.5,0
85612,2022,5,19,0.02,87.0,74.0,80.5,1
85612,2022,5,20,1e-05,92.0,75.0,83.5,1
85612,2022,5,21,0.08,86.0,72.0,79.0,0
85612,2022,5,22,1e-05,87.0,76.0,81.5,1
85612,2022,5,23,0.0,87.0,73.0,80.0,0
85612,2022,5,24,0.0,86.0,72.0,79.0,0
85612,2022,5,25,0.0,86.0,73.0,79.5,0
85612,2022,5,26,0.0,86.0,77.0,81.5,1
85612,2022,5,27,0.0,86.0,74.0,80.0,0
85612,2022,5,28,1.36,91.0,66.0,78.5,0
85612,2022,5,29,0.03,85.0,70.0,77.5,0
85612,2022,5,30,0.0,85.0,68.0,76.5,0
85612,2022,5,31,0.0,83.0,72.0,77.5,0
85612,2022,6,1,0.3,83.0,74.0,78.5,0
85612,2022,6,2,0.01,83.0,73.0,78.0,0
85612,2022,6,3,0.0,83.0,71.0,77.0,0
85612,2022,6,4,0.81,84.0,72.0,78.0,0
85612,2022,6,5,0.72,77.0,72.0,74.5,0
85612,2022,6,6,0.0,88.0,74.0,81.0,1
85612,2022,6,7,2.1,86.0,69.0,77.5,0
85612,2022,6,8,0.0,88.0,69.0,78.5,0
85612,2022,6,9,1.84,89.0,71.0,80.0,0
85612,2022,6,10,0.03,87.0,73.0,80.0,0
85612,2022,6,11,0.6,91.0,71.0,81.0,1
85612,2022,6,12,0.15,89.0,74.0,81.5,1
85612,2022,6,13,1e-05,92.0,74.0,83.0,1
85612,2022,6,14,0.0,90.0,76.0,83.0,1
85612,2022,6,15,0.0,89.0,75.0,82.0,1
85612,2022,6,16,0.0,90.0,75.0,82.5,1
85612,2022,6,17,1e-05,90.0,75.0,82.5,1
85612,2022,6,18,0.0,86.0,72.0,79.0,0
85612,2022,6,19,0.54,93.0,71.0,82.0,1
85612,2022,6,20,0.3,89.0,74.0,81.5,1
85612,2022,6,21,0.0,86.0,73.0,79.5,0
85612,2022,6,22,0.0,85.0,74.0,79.5,0
85612,2022,6,23,0.0,85.0,67.0,76.0,0
85612,2022,6,24,0.0,96.0,73.0,84.5,1
85612,2022,6,25,0.0,96.0,74.0,85.0,1
85612,2022,6,26,0.0,89.0,76.0,82.5,1
85612,2022,6,27,0.25,86.0,75.0,80.5,1
85612,2022,6,28,0.0,87.0,75.0,81.0,1
85612,2022,6,29,0.0,89.0,75.0,82.0,1
85612,2022,6,30,0.08,84.0,75.0,79.5,0
85612,2022,7,1,0.03,88.0,73.0,80.5,1
85612,2022,7,2,0.2,87.0,75.0,81.0,1
85612,2022,7,3,1e-05,89.0,77.0,83.0,1
85612,2022,7,4,1e-05,91.0,73.0,82.0,1
85612,2022,7,5,0.0,89.0,76.0,82.5,1
85612,2022,7,6,0.0,88.0,79.0,83.5,1
85612,2022,7,7,0.09,91.0,74.0,82.5,1
85612,2022,7,8,0.0,90.0,74.0,82.0,1
85612,2022,7,9,0.0,90.0,79.0,84.5,1
85612,2022,7,10,0.0,92.0,77.0,84.5,1
85612,2022,7,11,0.57,93.0,76.0,84.5,1
85612,2022,7,12,0.06,93.0,75.0,84.0,1
85612,2022,7,13,0.0,92.0,76.0,84.0,1
85612,2022,7,14,0.0,92.0,73.0,82.5,1
85612,2022,7,15,0.0,91.0,72.0,81.5,1
85612,2022,7,16,0.01,89.0,76.0,82.5,1
85612,2022,7,18,0.33,87.0,74.0,80.5,1
85612,2022,7,19,0.0,93.0,77.0,85.0,1
85612,2022,7,20,0.8,92.0,72.0,82.0,1
85612,2022,7,21,0.0,91.0,75.0,83.0,1
85612,2022,7,22,0.0,90.0,76.0,83.0,1
85612,2022,7,23,1e-05,90.0,76.0,83.0,1
85612,2022,7,24,0.0,89.0,76.0,82.5,1
85612,2022,7,25,0.04,89.0,78.0,83.5,1
85612,2022,7,26,1e-05,89.0,79.0,84.0,1
85612,2022,7,27,0.91,88.0,74.0,81.0,1
85612,2022,7,28,0.0,89.0,75.0,82.0,1
85612,2022,7,29,0.0,89.0,75.0,82.0,1
85612,2022,7,30,0.0,89.0,76.0,82.5,1
85612,2022,7,31,0.0,89.0,78.0,83.5,1
85612,2022,8,1,0.0,89.0,77.0,83.0,1
85612,2022,8,2,0.0,90.0,73.0,81.5,1
85612,2022,8,3,0.0,93.0,71.0,82.0,1
85612,2022,8,4,0.0,89.0,74.0,81.5,1
85612,2022,8,5,0.0,89.0,77.0,83.0,1
85612,2022,8,6,0.0,89.0,78.0,83.5,1
85612,2022,8,7,0.0,90.0,81.0,85.5,1
85612,2022,8,8,0.0,89.0,79.0,84.0,1
85612,2022,8,9,0.04,88.0,80.0,84.0,1
85612,2022,8,10,0.29,90.0,77.0,83.5,1
85612,2022,8,11,0.0,90.0,79.0,84.5,1
85612,2022,8,12,0.0,90.0,76.0,83.0,1
85612,2022,8,13,0.02,89.0,75.0,82.0,1
85612,2022,8,14,1.18,89.0,72.0,80.5,1
85612,2022,8,15,0.01,86.0,73.0,79.5,0
85612,2022,8,16,0.0,87.0,75.0,81.0,1
85612,2022,8,17,0.0,95.0,76.0,85.5,1
85612,2022,8,18,0.37,95.0,76.0,85.5,1
85612,2022,8,19,1.49,92.0,72.0,82.0,1
85612,2022,8,20,0.0,90.0,75.0,82.5,1
85612,2022,8,21,0.0,89.0,77.0,83.0,1
85612,2022,8,22,0.0,90.0,76.0,83.0,1
85612,2022,8,23,0.0,90.0,76.0,83.0,1
85612,2022,8,24,0.0,92.0,76.0,84.0,1
85612,2022,8,25,0.0,90.0,79.0,84.5,1
85612,2022,8,26,0.39,88.0,77.0,82.5,1
85612,2022,8,27,0.74,91.0,74.0,82.5,1
85612,2022,8,29,0.38,86.0,75.0,80.5,1
85612,2022,8,30,1e-05,87.0,77.0,82.0,1
85612,2022,8,31,0.0,91.0,74.0,82.5,1
85612,2022,9,1,0.0,91.0,75.0,83.0,1
85612,2022,9,2,0.0,89.0,74.0,81.5,1
85612,2022,9,3,0.0,89.0,76.0,82.5,1
85612,2022,9,4,0.0,88.0,76.0,82.0,1
85612,2022,9,5,0.0,89.0,76.0,82.5,1
85612,2022,9,6,0.0,89.0,76.0,82.5,1
85612,2022,9,7,0.0,90.0,75.0,82.5,1
85612,2022,9,8,0.04,93.0,74.0,83.5,1
85612,2022,9,9,1.04,89.0,72.0,80.5,1
85612,2022,9,10,0.13,92.0,72.0,82.0,1
85612,2022,9,11,0.2,90.0,74.0,82.0,1
85612,2022,9,12,1.17,89.0,71.0,80.0,0
85612,2022,9,13,1.32,93.0,72.0,82.5,1
85612,2022,9,14,0.37,88.0,73.0,80.5,1
85612,2022,9,15,1.58,87.0,73.0,80.0,0
85612,2022,9,16,0.0,86.0,73.0,79.5,0
85612,2022,9,17,0.17,86.0,74.0,80.0,0
85612,2022,9,18,3.48,85.0,71.0,78.0,0
85612,2022,9,19,0.0,84.0,72.0,78.0,0
85612,2022,9,20,0.32,86.0,74.0,80.0,0
85612,2022,9,21,0.99,86.0,74.0,80.0,0
85612,2022,9,22,1.13,85.0,75.0,80.0,0
85612,2022,9,23,0.02,87.0,73.0,80.0,0
85612,2022,9,24,0.25,88.0,75.0,81.5,1
85612,2022,9,25,0.0,85.0,79.0,82.0,1
85612,2022,9,26,0.01,86.0,76.0,81.0,1
85612,2022,9,27,0.0,87.0,75.0,81.0,1
85612,2022,9,28,1.25,80.0,74.0,77.0,0
85612,2022,9,29,3.3,83.0,73.0,78.0,0
85612,2022,9,30,0.09,76.0,64.0,70.0,0
85612,2022,10,1,0.0,80.0,65.0,72.5,0
85612,2022,10,2,0.0,81.0,66.0,73.5,0
85612,2022,10,3,0.0,87.0,67.0,77.0,0
85612,2022,10,4,0.0,81.0,65.0,73.0,0
85612,2022,10,5,0.07,80.0,66.0,73.0,0
85612,2022,10,6,0.0,79.0,63.0,71.0,0
85612,2022,10,7,0.0,81.0,63.0,72.0,0
85612,2022,10,8,0.0,81.0,65.0,73.0,0
85612,2022,10,9,0.0,82.0,68.0,75.0,0
85612,2022,10,10,0.04,84.0,71.0,77.5,0
85612,2022,10,11,0.01,83.0,73.0,78.0,0
85612,2022,10,12,1e-05,84.0,74.0,79.0,0
85612,2022,10,13,0.0,83.0,73.0,78.0,0
85612,2022,10,14,0.0,84.0,72.0,78.0,0
85612,2022,10,15,0.38,85.0,73.0,79.0,0
85612,2022,10,16,1.04,83.0,70.0,76.5,0
85612,2022,10,17,0.0,83.0,69.0,76.0,0
85612,2022,10,18,0.43,85.0,69.0,77.0,0
85612,2022,10,19,0.18,84.0,56.0,70.0,0
85612,2022,10,20,0.0,68.0,56.0,62.0,0
85612,2022,10,21,0.0,74.0,57.0,65.5,0
85612,2022,10,22,0.0,75.0,60.0,67.5,0
85612,2022,10,23,0.0,80.0,61.0,70.5,0
85612,2022,10,24,0.17,80.0,65.0,72.5,0
85612,2022,10,25,0.0,81.0,64.0,72.5,0
85612,2022,10,26,0.0,81.0,62.0,71.5,0
85612,2022,10,27,0.0,86.0,62.0,74.0,0
85612,2022,10,28,0.0,83.0,67.0,75.0,0
85612,2022,10,29,0.0,82.0,71.0,76.5,0
85612,2022,10,30,1e-05,83.0,70.0,76.5,0
85612,2022,10,31,1e-05,82.0,69.0,75.5,0
85612,2022,11,1,0.0,83.0,71.0,77.0,0
85612,2022,11,2,0.02,83.0,72.0,77.5,0
85612,2022,11,3,0.0,83.0,73.0,78.0,0
85612,2022,11,4,0.04,83.0,69.0,76.0,0
85612,2022,11,5,0.07,82.0,70.0,76.0,0
85612,2022,11,6,0.03,83.0,75.0,79.0,0
85612,2022,11,7,0.1,83.0,73.0,78.0,0
85612,2022,11,8,0.0,83.0,76.0,79.5,0
85612,2022,11,9,0.01,83.0,73.0,78.0,0
85612,2022,11,10,3.09,76.0,70.0,73.0,0
85612,2022,11,11,0.33,78.0,69.0,73.5,0
85612,2022,11,12,0.0,85.0,68.0,76.5,0
85612,2022,11,13,0.0,84.0,65.0,74.5,0
85612,2022,11,14,0.4,82.0,65.0,73.5,0
85612,2022,11,15,0.02,79.0,65.0,72.0,0
85612,2022,11,16,0.0,82.0,66.0,74.0,0
85612,2022,11,17,0.0,85.0,56.0,70.5,0
85612,2022,11,18,0.0,69.0,52.0,60.5,0
85612,2022,11,19,0.0,69.0,53.0,61.0,0
85612,2022,11,20,0.01,74.0,56.0,65.0,0
85612,2022,11,21,0.61,72.0,62.0,67.0,0
85612,2022,11,22,0.19,76.0,69.0,72.5,0
85612,2022,11,23,1.35,74.0,69.0,71.5,0
85612,2022,11,24,0.08,74.0,69.0,71.5,0
85612,2022,11,25,1e-05,80.0,68.0,74.0,0
85612,2022,11,26,0.0,86.0,68.0,77.0,0
85612,2022,11,27,0.0,79.0,70.0,74.5,0
85612,2022,11,28,0.0,86.0,68.0,77.0,0
85612,2022,11,29,0.0,73.0,56.0,64.5,0
85612,2022,11,30,0.0,78.0,57.0,67.5,0
85612,2022,12,1,0.0,85.0,63.0,74.0,0
85612,2022,12,2,0.0,76.0,67.0,71.5,0
85612,2022,12,3,1e-05,78.0,72.0,75.0,0
85612,2022,12,4,0.0,79.0,64.0,71.5,0
85612,2022,12,5,0.0,78.0,63.0,70.5,0
85612,2022,12,6,0.0,77.0,61.0,69.0,0
85612,2022,12,7,0.0,78.0,61.0,69.5,0
85612,2022,12,8,0.0,80.0,65.0,72.5,0
85612,2022,12,9,0.0,80.0,61.0,70.5,0
85612,2022,12,10,0.0,80.0,61.0,70.5,0
85612,2022,12,11,0.0,78.0,61.0,69.5,0
85612,2022,12,12,0.0,76.0,60.0,68.0,0
85612,2022,12,13,0.0,73.0,60.0,66.5,0
85612,2022,12,14,1.44,73.0,62.0,67.5,0
85612,2022,12,15,1e-05,74.0,67.0,70.5,0
85612,2022,12,16,0.65,78.0,58.0,68.0,0
85612,2022,12,17,0.0,67.0,56.0,61.5,0
85612,2022,12,18,1e-05,72.0,55.0,63.5,0
85612,2022,12,19,0.0,70.0,48.0,59.0,0
85612,2022,12,20,0.0,71.0,48.0,59.5,0
85612,2022,12,21,0.31,73.0,61.0,67.0,0
85612,2022,12,22,0.13,70.0,59.0,64.5,0
85612,2022,12,23,0.11,70.0,59.0,64.5,0
85612,2022,12,24,1e-05,77.0,34.0,55.5,0
85612,2022,12,25,0.0,49.0,32.0,40.5,0
85612,2022,12,26,0.0,48.0,33.0,40.5,0
85612,2022,12,27,0.0,57.0,40.0,48.5,0
85612,2022,12,31,0.0,76.0,59.0,67.5,0
85612,2023,1,1,0.0,81.0,67.0,74.0,0
85612,2023,1,2,0.0,79.0,57.0,68.0,0
85612,2023,1,3,0.0,78.0,56.0,67.0,0
85612,2023,1,4,0.0,78.0,59.0,68.5,0
85612,2023,1,5,1e-05,83.0,69.0,76.0,0
85612,2023,1,6,1e-05,81.0,53.0,67.0,0
85612,2023,1,7,0.0,70.0,45.0,57.5,0
85612,2023,1,8,0.0,71.0,46.0,58.5,0
85612,2023,1,9,0.0,75.0,55.0,65.0,0
85612,2023,1,10,0.0,78.0,55.0,66.5,0
85612,2023,1,11,0.0,75.0,45.0,60.0,0
85612,2023,1,12,0.0,71.0,44.0,57.5,0
85612,2023,1,13,0.0,77.0,48.0,62.5,0
85612,2023,1,14,0.32,72.0,40.0,56.0,0
85612,2023,1,15,0.0,54.0,36.0,45.0,0
85612,2023,1,16,0.0,61.0,36.0,48.5,0
85612,2023,1,17,0.0,66.0,36.0,51.0,0
85612,2023,1,18,0.0,76.0,39.0,57.5,0
85612,2023,1,19,0.0,76.0,47.0,61.5,0
85612,2023,1,20,0.0,82.0,58.0,70.0,0
85612,2023,1,21,0.0,80.0,60.0,70.0,0
85612,2023,1,22,0.0,75.0,62.0,68.5,0
85612,2023,1,23,0.23,82.0,64.0,73.0,0
85612,2023,1,24,0.0,71.0,51.0,61.0,0
85612,2023,1,25,1e-05,73.0,50.0,61.5,0
85612,2023,1,26,1e-05,84.0,63.0,73.5,0
85612,2023,1,27,0.0,71.0,49.0,60.0,0
85612,2023,1,28,0.0,64.0,49.0,56.5,0
85612,2023,1,29,0.0,71.0,61.0,66.0,0
85612,2023,1,30,0.0,78.0,61.0,69.5,0
85612,2023,1,31,0.0,83.0,61.0,72.0,0
85612,2023,2,1,0.0,82.0,63.0,72.5,0
85612,2023,2,2,0.0,83.0,62.0,72.5,0
85612,2023,2,3,0.0,85.0,62.0,73.5,0
85612,2023,2,4,0.12,82.0,55.0,68.5,0
85612,2023,2,5,0.03,72.0,65.0,68.5,0
85612,2023,2,6,1.4,68.0,56.0,62.0,0
85612,2023,2,7,0.0,72.0,52.0,62.0,0
85612,2023,2,8,0.0,74.0,52.0,63.0,0
85612,2023,2,9,0.0,77.0,55.0,66.0,0
85612,2023,2,10,0.0,78.0,60.0,69.0,0
85612,2023,2,11,0.0,83.0,65.0,74.0,0
85612,2023,2,12,0.01,84.0,61.0,72.5,0
85612,2023,2,13,0.0,74.0,49.0,61.5,0
85612,2023,2,14,0.0,71.0,42.0,56.5,0
85612,2023,2,15,0.0,73.0,42.0,57.5,0
85612,2023,2,16,0.0,78.0,57.0,67.5,0
85612,2023,2,17,1e-05,79.0,64.0,71.5,0
85612,2023,2,18,1e-05,88.0,59.0,73.5,0
85612,2023,2,19,0.0,71.0,59.0,65.0,0
85612,2023,2,20,0.0,79.0,61.0,70.0,0
85612,2023,2,21,0.0,85.0,61.0,73.0,0
85612,2023,2,22,0.0,85.0,60.0,72.5,0
85612,2023,2,23,0.0,81.0,60.0,70.5,0
85612,2023,2,24,0.0,83.0,62.0,72.5,0
85612,2023,2,25,0.0,82.0,62.0,72.0,0
85612,2023,2,26,0.0,87.0,63.0,75.0,0
85612,2023,2,27,0.0,84.0,58.0,71.0,0
85612,2023,2,28,0.0,85.0,59.0,72.0,0
85612,2023,3,1,0.0,85.0,63.0,74.0,0
85612,2023,3,2,0.0,84.0,58.0,71.0,0
85612,2023,3,3,0.0,84.0,58.0,71.0,0
85612,2023,3,4,0.0,89.0,65.0,77.0,0
85612,2023,3,5,0.0,89.0,69.0,79.0,0
85612,2023,3,6,0.05,84.0,70.0,77.0,0
85612,2023,3,7,0.0,81.0,68.0,74.5,0
85612,2023,3,8,0.0,87.0,67.0,77.0,0
85612,2023,3,9,0.02,82.0,68.0,75.0,0
85612,2023,3,10,0.0,75.0,58.0,66.5,0
85612,2023,3,11,0.0,84.0,58.0,71.0,0
85612,2023,3,12,0.0,81.0,54.0,67.5,0
85612,2023,3,13,0.01,86.0,54.0,70.0,0
85612,2023,3,14,1.54,86.0,57.0,71.5,0
85612,2023,3,15,0.0,73.0,52.0,62.5,0
85612,2023,3,16,1e-05,68.0,49.0,58.5,0
85612,2023,3,17,0.0,71.0,53.0,62.0,0
85612,2023,3,18,0.0,82.0,53.0,67.5,0
85612,2023,3,19,0.1,87.0,54.0,70.5,0
85612,2023,3,20,1e-05,63.0,51.0,57.0,0
85612,2023,3,21,0.0,67.0,47.0,57.0,0
85612,2023,3,22,1e-05,75.0,48.0,61.5,0
85612,2023,3,23,1e-05,78.0,59.0,68.5,0
85612,2023,3,24,0.0,77.0,58.0,67.5,0
85612,2023,3,25,0.0,81.0,58.0,69.5,0
85612,2023,3,26,1e-05,90.0,69.0,79.5,0
85612,2023,3,27,0.0,88.0,70.0,79.0,0
85612,2023,3,28,0.0,89.0,65.0,77.0,0
85612,2023,3,29,0.0,87.0,66.0,76.5,0
85612,2023,3,30,0.0,76.0,67.0,71.5,0
85612,2023,3,31,0.0,77.0,70.0,73.5,0
85612,2023,4,1,0.0,81.0,66.0,73.5,0
85612,2023,4,2,0.0,91.0,66.0,78.5,0
85612,2023,4,3,0.0,88.0,69.0,78.5,0
85612,2023,4,4,1e-05,85.0,67.0,76.0,0
85612,2023,4,5,0.0,85.0,69.0,77.0,0
85612,2023,4,6,0.0,84.0,73.0,78.5,0
85612,2023,4,7,0.0,83.0,74.0,78.5,0
85612,2023,4,8,0.0,83.0,68.0,75.5,0
85612,2023,4,9,0.02,83.0,69.0,76.0,0
85612,2023,4,10,0.27,78.0,69.0,73.5,0
85612,2023,4,11,0.01,78.0,69.0,73.5,0
85612,2023,4,12,1e-05,76.0,71.0,73.5,0
85612,2023,4,13,0.13,76.0,71.0,73.5,0
85612,2023,4,14,0.16,88.0,67.0,77.5,0
85612,2023,4,15,0.01,83.0,66.0,74.5,0
85612,2023,4,16,0.03,84.0,68.0,76.0,0
85612,2023,4,17,1.2,85.0,66.0,75.5,0
85612,2023,4,18,0.06,73.0,57.0,65.0,0
85612,2023,4,19,0.0,78.0,60.0,69.0,0
85612,2023,4,20,0.0,79.0,65.0,72.0,0
85612,2023,4,21,0.0,79.0,66.0,72.5,0
85612,2023,4,22,0.0,82.0,68.0,75.0,0
85612,2023,4,23,0.06,81.0,68.0,74.5,0
85612,2023,4,24,0.0,81.0,72.0,76.5,0
85612,2023,4,25,0.43,80.0,70.0,75.0,0
85612,2023,4,26,0.05,81.0,66.0,73.5,0
85612,2023,4,27,0.98,82.0,64.0,73.0,0
85612,2023,4,28,0.5,84.0,65.0,74.5,0
85612,2023,4,29,0.0,87.0,68.0,77.5,0
85612,2023,4,30,0.49,87.0,72.0,79.5,0
85612,2023,5,1,0.08,82.0,62.0,72.0,0
85612,2023,5,2,0.0,86.0,64.0,75.0,0
85612,2023,5,3,0.0,88.0,64.0,76.0,0
85612,2023,5,4,0.0,84.0,60.0,72.0,0
85612,2023,5,5,0.0,81.0,63.0,72.0,0
85612,2023,5,6,0.0,81.0,69.0,75.0,0
85612,2023,5,7,0.15,80.0,71.0,75.5,0
85612,2023,5,8,0.0,79.0,67.0,73.0,0
85612,2023,5,9,0.0,79.0,63.0,71.0,0
85612,2023,5,10,0.0,86.0,66.0,76.0,0
85612,2023,5,11,0.0,87.0,70.0,78.5,0
85612,2023,5,12,0.0,85.0,75.0,80.0,0
85612,2023,5,13,0.0,84.0,73.0,78.5,0
85612,2023,5,14,0.0,83.0,67.0,75.0,0
85612,2023,5,15,0.0,82.0,67.0,74.5,0
85612,2023,5,16,0.0,83.0,69.0,76.0,0
85612,2023,5,17,0.0,84.0,72.0,78.0,0
85612,2023,5,18,0.68,93.0,68.0,80.5,1
85612,2023,5,19,0.02,85.0,69.0,77.0,0
85612,2023,5,20,0.0,86.0,73.0,79.5,0
85612,2023,5,21,0.0,85.0,72.0,78.5,0
85612,2023,5,22,0.0,86.0,73.0,79.5,0
85612,2023,5,23,0.51,87.0,71.0,79.0,0
85612,2023,5,24,0.34,82.0,71.0,76.5,0
85612,2023,5,25,0.4,81.0,71.0,76.0,0
85612,2023,5,26,0.73,81.0,71.0,76.0,0
85612,2023,5,27,0.41,83.0,64.0,73.5,0
85612,2023,5,28,0.0,83.0,66.0,74.5,0
85612,2023,5,29,0.0,80.0,69.0,74.5,0
85612,2023,5,30,0.0,82.0,66.0,74.0,0
85612,2023,5,31,0.0,84.0,71.0,77.5,0
85612,2023,6,1,0.23,83.0,74.0,78.5,0
85612,2023,6,3,1.21,83.0,71.0,77.0,0
85612,2023,6,4,0.14,81.0,71.0,76.0,0
85612,2023,6,5,0.17,84.0,74.0,79.0,0
85612,2023,6,6,0.03,82.0,71.0,76.5,0
85612,2023,6,7,0.0,83.0,69.0,76.0,0
85612,2023,6,8,1e-05,89.0,72.0,80.5,1
85612,2023,6,9,0.63,87.0,72.0,79.5,0
85612,2023,6,10,0.19,89.0,70.0,79.5,0
85612,2023,6,11,0.02,86.0,72.0,79.0,0
85612,2023,6,12,0.0,89.0,72.0,80.5,1
85612,2023,6,13,0.0,94.0,74.0,84.0,1
85612,2023,6,14,0.0,94.0,73.0,83.5,1
85612,2023,6,15,0.12,94.0,72.0,83.0,1
85612,2023,6,16,0.08,95.0,74.0,84.5,1
85612,2023,6,17,0.0,95.0,75.0,85.0,1
85612,2023,6,18,0.59,88.0,72.0,80.0,0
85612,2023,6,19,0.04,91.0,72.0,81.5,1
85612,2023,6,20,0.73,96.0,70.0,83.0,1
85612,2023,6,21,0.36,89.0,71.0,80.0,0
85612,2023,6,22,0.13,90.0,71.0,80.5,1
85612,2023,6,23,0.01,91.0,75.0,83.0,1
85612,2023,6,24,0.14,87.0,73.0,80.0,0
85612,2023,6,25,0.47,91.0,71.0,81.0,1
85612,2023,6,26,0.0,88.0,72.0,80.0,0
85612,2023,6,27,0.0,88.0,76.0,82.0,1
85612,2023,6,28,0.0,95.0,76.0,85.5,1
85612,2023,6,29,0.01,94.0,74.0,84.0,1
85612,2023,6,30,0.0,89.0,74.0,81.5,1
85612,2023,7,1,0.0,88.0,74.0,81.0,1
85612,2023,7,2,0.0,88.0,73.0,80.5,1
85612,2023,7,3,0.0,89.0,76.0,82.5,1
85612,2023,7,4,0.0,92.0,76.0,84.0,1
85612,2023,7,6,0.05,91.0,76.0,83.5,1
85612,2023,7,7,0.09,93.0,75.0,84.0,1
85612,2023,7,8,1.21,93.0,76.0,84.5,1
85612,2023,7,9,0.22,92.0,76.0,84.0,1
85612,2023,7,10,0.47,96.0,77.0,86.5,1
85612,2023,7,11,1e-05,95.0,76.0,85.5,1
85612,2023,7,12,0.0,93.0,78.0,85.5,1
85612,2023,7,13,0.27,90.0,77.0,83.5,1
85612,2023,7,14,0.4,90.0,74.0,82.0,1
85612,2023,7,15,0.88,92.0,74.0,83.0,1
85612,2023,7,16,0.72,95.0,77.0,86.0,1
85612,2023,7,17,1.41,94.0,75.0,84.5,1
85612,2023,7,18,0.18,92.0,75.0,83.5,1
85612,2023,7,19,0.07,90.0,74.0,82.0,1
85612,2023,7,20,0.07,90.0,77.0,83.5,1
85612,2023,7,21,0.0,90.0,79.0,84.5,1
85612,2023,7,22,0.0,96.0,77.0,86.5,1
85612,2023,7,24,0.37,95.0,73.0,84.0,1
85612,2023,7,25,0.0,94.0,74.0,84.0,1
85612,2023,7,26,1.09,93.0,74.0,83.5,1
85612,2023,7,27,0.0,88.0,75.0,81.5,1
85612,2023,7,28,1.76,84.0,74.0,79.0,0
85612,2023,7,29,0.47,86.0,75.0,80.5,1
85612,2023,7,30,2.37,89.0,78.0,83.5,1
85612,2023,7,31,0.0,93.0,76.0,84.5,1
85612,2023,8,1,1.68,92.0,73.0,82.5,1
85612,2023,8,2,0.27,91.0,75.0,83.0,1
85612,2023,8,3,1e-05,88.0,77.0,82.5,1
85612,2023,8,4,0.0,87.0,78.0,82.5,1
85612,2023,8,5,0.0,89.0,78.0,83.5,1
85612,2023,8,6,1.64,91.0,77.0,84.0,1
85612,2023,8,7,0.0,95.0,79.0,87.0,1
85612,2023,8,8,0.04,95.0,80.0,87.5,1
85612,2023,8,9,0.0,98.0,80.0,89.0,1
85612,2023,8,10,0.27,95.0,78.0,86.5,1
85612,2023,8,11,0.02,96.0,78.0,87.0,1
85612,2023,8,12,0.0,92.0,79.0,85.5,1
85612,2023,8,13,0.0,94.0,78.0,86.0,1
85612,2023,8,14,0.0,90.0,78.0,84.0,1
85612,2023,8,15,2.11,94.0,76.0,85.0,1
85612,2023,8,16,1e-05,93.0,77.0,85.0,1
85612,2023,8,17,0.81,91.0,76.0,83.5,1
85612,2023,8,18,1.0,91.0,74.0,82.5,1
85612,2023,8,19,0.7,91.0,74.0,82.5,1
85612,2023,8,20,0.0,91.0,74.0,82.5,1
85612,2023,8,21,0.41,87.0,77.0,82.0,1
85612,2023,8,22,0.0,88.0,79.0,83.5,1
85612,2023,8,23,0.0,87.0,77.0,82.0,1
85612,2023,8,24,1e-05,88.0,78.0,83.0,1
85612,2023,8,25,0.0,87.0,78.0,82.5,1
85612,2023,8,26,0.0,87.0,74.0,80.5,1
85612,2023,8,27,0.0,88.0,78.0,83.0,1
85612,2023,8,28,1e-05,88.0,80.0,84.0,1
85612,2023,8,29,0.01,90.0,77.0,83.5,1
85612,2023,8,30,0.47,91.0,76.0,83.5,1
85612,2023,8,31,0.27,90.0,78.0,84.0,1
85612,2023,9,1,0.03,92.0,77.0,84.5,1
85612,2023,9,2,0.0,87.0,79.0,83.0,1
85612,2023,9,3,0.0,87.0,79.0,83.0,1
85612,2023,9,4,1e-05,86.0,76.0,81.0,1
85612,2023,9,5,0.0,86.0,73.0,79.5,0
85612,2023,9,6,0.0,88.0,72.0,80.0,0
85612,2023,9,7,0.0,89.0,73.0,81.0,1
85612,2023,9,8,0.0,90.0,75.0,82.5,1
85612,2023,9,9,2.32,90.0,69.0,79.5,0
85612,2023,9,10,1e-05,87.0,71.0,79.0,0
85612,2023,9,11,0.0,87.0,76.0,81.5,1
85612,2023,9,12,1e-05,88.0,77.0,82.5,1
85612,2023,9,13,0.0,89.0,77.0,83.0,1
85612,2023,9,14,1e-05,90.0,76.0,83.0,1
85612,2023,9,15,0.0,90.0,76.0,83.0,1
85612,2023,9,16,0.25,89.0,75.0,82.0,1
85612,2023,9,17,0.04,86.0,76.0,81.0,1
85612,2023,9,18,1.24,93.0,74.0,83.5,1
85612,2023,9,19,0.0,93.0,78.0,85.5,1
85612,2023,9,20,1e-05,85.0,77.0,81.0,1
85612,2023,9,21,1.35,86.0,72.0,79.0,0
85612,2023,9,22,0.09,83.0,73.0,78.0,0
85612,2023,9,23,1e-05,86.0,67.0,76.5,0
85612,2023,9,24,0.0,84.0,68.0,76.0,0
85612,2023,9,25,0.62,85.0,69.0,77.0,0
85612,2023,9,26,0.07,87.0,73.0,80.0,0
85612,2023,9,27,1.16,87.0,75.0,81.0,1
85612,2023,9,28,0.41,87.0,74.0,80.5,1
85612,2023,9,29,0.11,88.0,75.0,81.5,1
85612,2023,9,30,0.97,87.0,76.0,81.5,1
85612,2023,10,1,2.01,83.0,74.0,78.5,0
85612,2023,10,2,1.3,80.0,74.0,77.0,0
85612,2023,10,3,0.03,83.0,77.0,80.0,0
85612,2023,10,4,0.11,84.0,75.0,79.5,0
85612,2023,10,5,0.01,84.0,75.0,79.5,0
85612,2023,10,6,0.02,85.0,74.0,79.5,0
85612,2023,10,7,0.0,85.0,73.0,79.0,0
85612,2023,10,8,0.0,89.0,71.0,80.0,0
85612,2023,10,9,0.0,80.0,67.0,73.5,0
85612,2023,10,10,1e-05,80.0,67.0,73.5,0
85612,2023,10,11,1e-05,82.0,73.0,77.5,0
85612,2023,10,12,0.18,85.0,77.0,81.0,1
85612,2023,10,13,0.8,87.0,79.0,83.0,1
85612,2023,10,14,1e-05,85.0,74.0,79.5,0
85612,2023,10,15,0.0,85.0,69.0,77.0,0
85612,2023,10,16,0.0,82.0,62.0,72.0,0
85612,2023,10,17,0.0,74.0,55.0,64.5,0
85612,2023,10,18,0.0,72.0,56.0,64.0,0
85612,2023,10,19,0.0,78.0,58.0,68.0,0
85612,2023,10,20,0.0,79.0,62.0,70.5,0
85612,2023,10,21,0.0,83.0,62.0,72.5,0
85612,2023,10,22,0.0,87.0,60.0,73.5,0
85612,2023,10,23,0.0,83.0,61.0,72.0,0
85612,2023,10,24,0.0,83.0,62.0,72.5,0
85612,2023,10,25,1e-05,82.0,75.0,78.5,0
85612,2023,10,26,1e-05,82.0,73.0,77.5,0
85612,2023,10,27,0.02,82.0,72.0,77.0,0
85612,2023,10,28,0.0,83.0,73.0,78.0,0
85612,2023,10,29,0.0,82.0,74.0,78.0,0
85612,2023,10,30,0.0,82.0,69.0,75.5,0
85612,2023,10,31,0.0,83.0,70.0,76.5,0
85612,2023,11,1,0.0,83.0,66.0,74.5,0
85612,2023,11,2,0.0,75.0,66.0,70.5,0
85612,2023,11,3,0.01,77.0,69.0,73.0,0
85612,2023,11,4,1e-05,79.0,65.0,72.0,0
85612,2023,11,5,1e-05,78.0,60.0,69.0,0
85612,2023,11,6,0.0,78.0,56.0,67.0,0
85612,2023,11,7,0.0,82.0,58.0,70.0,0
85612,2023,11,8,0.0,81.0,63.0,72.0,0
85612,2023,11,9,0.0,81.0,63.0,72.0,0
85612,2023,11,10,0.0,81.0,64.0,72.5,0
85612,2023,11,11,0.0,83.0,67.0,75.0,0
85612,2023,11,12,1e-05,82.0,71.0,76.5,0
85612,2023,11,13,1e-05,81.0,71.0,76.0,0
85612,2023,11,14,0.27,81.0,71.0,76.0,0
85612,2023,11,15,0.25,80.0,71.0,75.5,0
85612,2023,11,16,0.96,76.0,68.0,72.0,0
85612,2023,11,17,3.97,74.0,71.0,72.5,0
85612,2023,11,18,0.06,80.0,69.0,74.5,0
85612,2023,11,19,0.0,77.0,64.0,70.5,0
85612,2023,11,20,0.0,80.0,64.0,72.0,0
85612,2023,11,21,0.03,76.0,67.0,71.5,0
85612,2023,11,22,1e-05,80.0,68.0,74.0,0
85612,2023,11,23,0.06,85.0,58.0,71.5,0
85612,2023,11,24,0.0,71.0,57.0,64.0,0
85612,2023,11,25,0.06,68.0,59.0,63.5,0
85612,2023,11,26,1e-05,76.0,62.0,69.0,0
85612,2023,11,27,0.01,82.0,64.0,73.0,0
85612,2023,11,28,0.0,71.0,51.0,61.0,0
85612,2023,11,29,0.0,61.0,49.0,55.0,0
85612,2023,11,30,0.0,69.0,49.0,59.0,0
85612,2023,12,1,1e-05,75.0,55.0,65.0,0
85612,2023,12,2,0.0,80.0,66.0,73.0,0
85612,2023,12,3,1e-05,85.0,71.0,78.0,0
85612,2023,12,4,0.0,85.0,69.0,77.0,0
85612,2023,12,5,0.0,84.0,58.0,71.0,0
85612,2023,12,6,0.0,75.0,54.0,64.5,0
85612,2023,12,7,0.0,67.0,50.0,58.5,0
85612,2023,12,8,0.0,69.0,51.0,60.0,0
85612,2023,12,9,0.0,74.0,57.0,65.5,0
85612,2023,12,10,0.0,79.0,65.0,72.0,0
85612,2023,12,11,0.03,82.0,57.0,69.5,0
85612,2023,12,12,0.0,62.0,53.0,57.5,0
85612,2023,12,13,0.0,73.0,53.0,63.0,0
85612,2023,12,14,1e-05,74.0,70.0,72.0,0
85612,2023,12,15,1e-05,75.0,67.0,71.0,0
85612,2023,12,16,0.01,72.0,69.0,70.5,0
85612,2023,12,17,4.31,73.0,67.0,70.0,0
85612,2023,12,18,0.01,73.0,55.0,64.0,0
85612,2023,12,19,0.0,70.0,47.0,58.5,0
85612,2023,12,20,0.0,64.0,47.0,55.5,0
85612,2023,12,21,1e-05,67.0,64.0,65.5,0
85612,2023,12,22,0.0,70.0,59.0,64.5,0
85612,2023,12,23,0.07,71.0,58.0,64.5,0
85612,2023,12,24,0.11,73.0,61.0,67.0,0
85612,2023,12,25,0.01,73.0,67.0,70.0,0
85612,2023,12,26,0.55,71.0,65.0,68.0,0
85612,2023,12,27,0.0,75.0,61.0,68.0,0
85612,2023,12,28,0.19,75.0,58.0,66.5,0
85612,2023,12,29,0.28,65.0,55.0,60.0,0
85612,2023,12,30,0.0,63.0,47.0,55.0,0
85612,2023,12,31,0.0,62.0,41.0,51.5,0
85612,2024,1,1,0.0,67.0,41.0,54.0,0
85612,2024,1,2,0.0,69.0,44.0,56.5,0
85612,2024,1,3,0.0,62.0,48.0,55.0,0
85612,2024,1,4,0.01,69.0,49.0,59.0,0
85612,2024,1,5,1e-05,63.0,49.0,56.0,0
85612,2024,1,6,0.0,72.0,60.0,66.0,0
85612,2024,1,7,0.82,76.0,62.0,69.0,0
85612,2024,1,8,0.15,64.0,54.0,59.0,0
85612,2024,1,9,1e-05,72.0,56.0,64.0,0
85612,2024,1,10,0.48,80.0,55.0,67.5,0
85612,2024,1,11,0.0,66.0,46.0,56.0,0
85612,2024,1,12,0.14,68.0,48.0,58.0,0
85612,2024,1,13,0.25,81.0,68.0,74.5,0
85612,2024,1,14,0.34,74.0,52.0,63.0,0
85612,2024,1,15,0.28,64.0,53.0,58.5,0
85612,2024,1,16,1.62,74.0,63.0,68.5,0
85612,2024,1,17,0.98,74.0,53.0,63.5,0
85612,2024,1,18,0.0,56.0,49.0,52.5,0
85612,2024,1,19,0.15,75.0,55.0,65.0,0
85612,2024,1,20,0.03,76.0,51.0,63.5,0
85612,2024,1,21,0.0,59.0,41.0,50.0,0
85612,2024,1,22,0.0,63.0,41.0,52.0,0
85612,2024,1,23,1e-05,68.0,63.0,65.5,0
85612,2024,1,24,1e-05,74.0,68.0,71.0,0
85612,2024,1,25,0.0,77.0,68.0,72.5,0
85612,2024,1,26,0.0,78.0,67.0,72.5,0
85612,2024,1,27,0.17,78.0,66.0,72.0,0
85612,2024,1,28,1e-05,82.0,68.0,75.0,0
85612,2024,1,29,1e-05,75.0,49.0,62.0,0
85612,2024,1,30,0.0,63.0,46.0,54.5,0
85612,2024,1,31,0.0,71.0,48.0,59.5,0
85612,2024,2,1,0.0,73.0,48.0,60.5,0
85612,2024,2,2,0.0,68.0,49.0,58.5,0
85612,2024,2,3,0.0,75.0,48.0,61.5,0
85612,2024,2,4,0.05,72.0,49.0,60.5,0
85612,2024,2,5,0.08,73.0,52.0,62.5,0
85612,2024,2,6,0.08,68.0,54.0,61.0,0
85612,2024,2,7,0.0,64.0,51.0,57.5,0
85612,2024,2,8,0.0,67.0,53.0,60.0,0
85612,2024,2,9,1e-05,72.0,54.0,63.0,0
85612,2024,2,10,0.0,73.0,59.0,66.0,0
85612,2024,2,11,0.0,77.0,60.0,68.5,0
85612,2024,2,12,1e-05,81.0,68.0,74.5,0
85612,2024,2,13,1e-05,84.0,64.0,74.0,0
85612,2024,2,14,0.0,74.0,49.0,61.5,0
85612,2024,2,15,0.0,69.0,49.0,59.0,0
85612,2024,2,16,0.0,73.0,56.0,64.5,0
85612,2024,2,17,0.0,78.0,56.0,67.0,0
85612,2024,2,18,0.8,67.0,59.0,63.0,0
85612,2024,2,19,1.07,61.0,54.0,57.5,0
85612,2024,2,20,0.33,62.0,45.0,53.5,0
85612,2024,2,21,0.0,67.0,45.0,56.0,0
85612,2024,2,22,0.0,68.0,48.0,58.0,0
85612,2024,2,23,0.0,72.0,48.0,60.0,0
85612,2024,2,24,0.01,79.0,48.0,63.5,0
85612,2024,2,25,0.0,73.0,52.0,62.5,0
85612,2024,2,26,0.0,73.0,48.0,60.5,0
85612,2024,2,27,0.0,72.0,48.0,60.0,0
85612,2024,2,28,0.0,75.0,51.0,63.0,0
85612,2024,2,29,0.0,83.0,56.0,69.5,0
85612,2024,3,1,1e-05,77.0,62.0,69.5,0
85612,2024,3,2,0.02,79.0,65.0,72.0,0
85612,2024,3,3,0.0,81.0,65.0,73.0,0
85612,2024,3,4,0.0,74.0,62.0,68.0,0
85612,2024,3,5,0.0,76.0,64.0,70.0,0
85612,2024,3,6,0.26,77.0,65.0,71.0,0
85612,2024,3,7,1e-05,81.0,67.0,74.0,0
85612,2024,3,8,0.0,76.0,64.0,70.0,0
85612,2024,3,9,0.0,80.0,64.0,72.0,0
85612,2024,3,10,0.21,87.0,72.0,79.5,0
85612,2024,3,11,0.0,79.0,54.0,66.5,0
85612,2024,3,12,0.0,72.0,54.0,63.0,0
85612,2024,3,13,0.0,74.0,55.0,64.5,0
85612,2024,3,14,0.0,82.0,61.0,71.5,0
85612,2024,3,15,0.0,78.0,62.0,70.0,0
85612,2024,3,16,0.0,81.0,62.0,71.5,0
85612,2024,3,17,0.0,82.0,66.0,74.0,0
85612,2024,3,18,0.0,86.0,66.0,76.0,0
85612,2024,3,19,0.0,88.0,57.0,72.5,0
85612,2024,3,20,0.0,66.0,48.0,57.0,0
85612,2024,3,21,0.0,70.0,50.0,60.0,0
85612,2024,3,22,0.17,76.0,53.0,64.5,0
85612,2024,3,23,0.15,72.0,65.0,68.5,0
85612,2024,3,24,1e-05,83.0,61.0,72.0,0
85612,2024,3,25,1e-05,77.0,61.0,69.0,0
85612,2024,3,26,0.0,77.0,69.0,73.0,0
85612,2024,3,27,0.0,79.0,68.0,73.5,0
85612,2024,3,28,0.0,82.0,69.0,75.5,0
85612,2024,3,29,0.0,82.0,58.0,70.0,0
85612,2024,3,30,0.0,76.0,53.0,64.5,0
85612,2024,3,31,0.0,78.0,56.0,67.0,0
85612,2024,4,1,0.0,78.0,58.0,68.0,0
85612,2024,4,2,0.0,81.0,59.0,70.0,0
85612,2024,4,3,0.0,87.0,67.0,77.0,0
85612,2024,4,4,0.12,87.0,61.0,74.0,0
85612,2024,4,5,0.0,78.0,52.0,65.0,0
85612,2024,4,6,0.0,80.0,55.0,67.5,0
85612,2024,4,7,0.0,76.0,53.0,64.5,0
85612,2024,4,8,0.0,74.0,55.0,64.5,0
85612,2024,4,9,0.0,76.0,67.0,71.5,0
85612,2024,4,10,0.0,77.0,71.0,74.0,0
85612,2024,4,11,1e-05,80.0,73.0,76.5,0
85612,2024,4,12,0.67,89.0,62.0,75.5,0
85612,2024,4,13,0.0,81.0,52.0,66.5,0
85612,2024,4,14,0.0,75.0,51.0,63.0,0
85612,2024,4,15,0.0,79.0,55.0,67.0,0
85612,2024,4,16,0.0,78.0,58.0,68.0,0
85612,2024,4,17,0.0,79.0,62.0,70.5,0
85612,2024,4,18,0.0,79.0,62.0,70.5,0
85612,2024,4,19,0.0,81.0,64.0,72.5,0
85612,2024,4,20,0.0,86.0,66.0,76.0,0
85612,2024,4,21,0.0,85.0,68.0,76.5,0
85612,2024,4,22,0.0,89.0,69.0,79.0,0
85612,2024,4,23,0.0,74.0,60.0,67.0,0
85612,2024,4,24,0.0,74.0,57.0,65.5,0
85612,2024,4,25,0.0,77.0,57.0,67.0,0
85612,2024,4,26,0.0,80.0,62.0,71.0,0
85612,2024,4,27,0.0,80.0,65.0,72.5,0
85612,2024,4,28,0.17,81.0,71.0,76.0,0
85612,2024,4,29,0.0,78.0,71.0,74.5,0
85612,2024,4,30,0.0,81.0,71.0,76.0,0
85612,2024,5,1,0.0,79.0,66.0,72.5,0
85612,2024,5,2,0.0,83.0,67.0,75.0,0
85612,2024,5,3,0.0,83.0,72.0,77.5,0
85612,2024,5,4,0.0,82.0,73.0,77.5,0
85612,2024,5,5,0.02,83.0,69.0,76.0,0
85612,2024,5,6,1e-05,84.0,71.0,77.5,0
85612,2024,5,7,0.0,83.0,69.0,76.0,0
85612,2024,5,8,0.0,86.0,69.0,77.5,0
85612,2024,5,9,0.0,89.0,73.0,81.0,1
85612,2024,5,10,0.0,93.0,74.0,83.5,1
85612,2024,5,11,0.39,92.0,72.0,82.0,1
85612,2024,5,12,0.0,88.0,69.0,78.5,0
85612,2024,5,13,1e-05,82.0,74.0,78.0,0
85612,2024,5,14,0.0,83.0,77.0,80.0,0
85612,2024,5,15,0.26,91.0,77.0,84.0,1
85612,2024,5,16,0.13,83.0,75.0,79.0,0
85612,2024,5,17,0.0,92.0,71.0,81.5,1
85612,2024,5,18,0.49,92.0,74.0,83.0,1
85612,2024,5,19,0.94,95.0,76.0,85.5,1
85612,2024,5,20,1e-05,91.0,73.0,82.0,1
85612,2024,5,21,0.0,86.0,69.0,77.5,0
85612,2024,5,22,0.0,85.0,70.0,77.5,0
85612,2024,5,23,0.0,85.0,68.0,76.5,0
85612,2024,5,24,0.0,85.0,69.0,77.0,0
85612,2024,5,25,0.0,87.0,71.0,79.0,0
85612,2024,5,26,0.02,90.0,71.0,80.5,1
85612,2024,5,27,0.0,89.0,73.0,81.0,1
85612,2024,5,28,0.0,96.0,76.0,86.0,1
85612,2024,5,29,0.22,95.0,75.0,85.0,1
85612,2024,5,30,0.0,92.0,72.0,82.0,1
85612,2024,5,31,0.0,88.0,71.0,79.5,0
85612,2024,6,1,0.0,86.0,77.0,81.5,1
85612,2024,6,2,0.0,84.0,76.0,80.0,0
85612,2024,6,3,0.0,85.0,70.0,77.5,0
85612,2024,6,4,0.0,85.0,71.0,78.0,0
85612,2024,6,5,0.0,85.0,72.0,78.5,0
85612,2024,6,6,0.0,87.0,75.0,81.0,1
85612,2024,6,7,0.02,91.0,72.0,81.5,1
85612,2024,6,8,1e-05,93.0,74.0,83.5,1
85612,2024,6,9,0.0,95.0,76.0,85.5,1
85612,2024,6,10,1e-05,93.0,77.0,85.0,1
85612,2024,6,11,0.28,94.0,76.0,85.0,1
85612,2024,6,12,1.43,87.0,75.0,81.0,1
85612,2024,6,14,1e-05,89.0,74.0,81.5,1
85612,2024,6,15,0.0,86.0,73.0,79.5,0
85612,2024,6,16,0.0,88.0,74.0,81.0,1
85612,2024,6,17,0.0,88.0,77.0,82.5,1
85612,2024,6,18,0.08,86.0,77.0,81.5,1
85612,2024,6,19,0.3,85.0,76.0,80.5,1
85612,2024,6,20,0.38,85.0,76.0,80.5,1
85612,2024,6,21,1.38,85.0,76.0,80.5,1
85612,2024,6,22,0.01,88.0,78.0,83.0,1
85612,2024,6,23,0.23,87.0,77.0,82.0,1
85612,2024,6,24,0.02,87.0,74.0,80.5,1
85612,2024,6,25,0.0,88.0,75.0,81.5,1
85612,2024,6,26,0.0,89.0,75.0,82.0,1
85612,2024,6,27,0.05,90.0,76.0,83.0,1
85612,2024,6,28,0.11,93.0,76.0,84.5,1
85612,2024,6,29,0.42,90.0,74.0,82.0,1
85612,2024,6,30,1e-05,88.0,77.0,82.5,1
85612,2024,7,1,1e-05,88.0,73.0,80.5,1
85612,2024,7,2,0.0,90.0,77.0,83.5,1
85612,2024,7,3,1e-05,91.0,77.0,84.0,1
85612,2024,7,4,0.0,90.0,78.0,84.0,1
85612,2024,7,5,0.0,90.0,78.0,84.0,1
85612,2024,7,6,0.0,90.0,74.0,82.0,1
85612,2024,7,7,0.0,88.0,76.0,82.0,1
85612,2024,7,8,0.0,91.0,79.0,85.0,1
85612,2024,7,9,1.55,94.0,75.0,84.5,1
85612,2024,7,10,0.66,89.0,75.0,82.0,1
85612,2024,7,11,0.3,92.0,73.0,82.5,1
85612,2024,7,12,0.01,83.0,75.0,79.0,0
85612,2024,7,13,0.0,92.0,76.0,84.0,1
85612,2024,7,14,0.35,89.0,75.0,82.0,1
85612,2024,7,15,0.0,89.0,76.0,82.5,1
85612,2024,7,16,0.0,89.0,76.0,82.5,1
85612,2024,7,17,0.1,90.0,74.0,82.0,1
85612,2024,7,18,0.0,88.0,74.0,81.0,1
85612,2024,7,19,0.12,91.0,76.0,83.5,1
85612,2024,7,21,0.0,91.0,77.0,84.0,1
85612,2024,7,22,0.0,90.0,79.0,84.5,1
85612,2024,7,23,0.0,89.0,77.0,83.0,1
85612,2024,7,24,0.0,91.0,78.0,84.5,1
85612,2024,7,25,0.0,90.0,79.0,84.5,1
85612,2024,7,26,0.0,91.0,77.0,84.0,1
85612,2024,7,27,0.0,92.0,75.0,83.5,1
85612,2024,7,28,0.17,94.0,75.0,84.5,1
85612,2024,7,29,0.8,90.0,75.0,82.5,1
85612,2024,7,30,0.0,87.0,77.0,82.0,1
85612,2024,7,31,0.0,89.0,78.0,83.5,1
85612,2024,8,1,0.0,90.0,78.0,84.0,1
85612,2024,8,2,0.32,90.0,76.0,83.0,1
85612,2024,8,3,0.0,90.0,80.0,85.0,1
85612,2024,8,4,0.2,89.0,76.0,82.5,1
85612,2024,8,5,0.81,87.0,76.0,81.5,1
85612,2024,8,6,0.2,84.0,78.0,81.0,1
85612,2024,8,7,1e-05,94.0,80.0,87.0,1
85612,2024,8,8,0.42,92.0,81.0,86.5,1
85612,2024,8,9,0.01,95.0,78.0,86.5,1
85612,2024,8,10,0.27,92.0,78.0,85.0,1
85612,2024,8,11,0.0,91.0,78.0,84.5,1
85612,2024,8,12,0.58,91.0,74.0,82.5,1
85612,2024,8,13,0.0,91.0,76.0,83.5,1
85612,2024,8,14,0.0,91.0,78.0,84.5,1
85612,2024,8,15,1e-05,92.0,79.0,85.5,1
85612,2024,8,16,1e-05,88.0,80.0,84.0,1
85612,2024,8,17,0.0,88.0,73.0,80.5,1
85612,2024,8,18,0.0,88.0,72.0,80.0,0
85612,2024,8,19,0.0,89.0,74.0,81.5,1
85612,2024,8,20,0.0,96.0,78.0,87.0,1
85612,2024,8,21,0.52,96.0,74.0,85.0,1
85612,2024,8,22,2.4,92.0,74.0,83.0,1
85612,2024,8,24,0.04,86.0,74.0,80.0,0
85612,2024,8,25,0.03,87.0,76.0,81.5,1
85612,2024,8,26,0.0,88.0,78.0,83.0,1
85612,2024,8,27,0.0,89.0,78.0,83.5,1
85612,2024,8,28,0.0,89.0,79.0,84.0,1
85612,2024,8,29,0.01,89.0,77.0,83.0,1
85612,2024,8,30,0.35,87.0,76.0,81.5,1
85612,2024,8,31,0.01,88.0,77.0,82.5,1
85612,2024,9,1,0.46,87.0,76.0,81.5,1
85612,2024,9,2,0.02,82.0,76.0,79.0,0
85612,2024,9,3,0.52,89.0,74.0,81.5,1
85612,2024,9,4,1e-05,88.0,76.0,82.0,1
85612,2024,9,5,0.0,89.0,79.0,84.0,1
85612,2024,9,6,0.02,88.0,79.0,83.5,1
85612,2024,9,7,1e-05,88.0,77.0,82.5,1
85612,2024,9,8,0.31,93.0,76.0,84.5,1
85612,2024,9,9,0.07,89.0,78.0,83.5,1
85612,2024,9,10,0.13,89.0,77.0,83.0,1
85612,2024,9,11,0.43,87.0,77.0,82.0,1
85612,2024,9,12,0.07,85.0,77.0,81.0,1
85612,2024,9,13,0.01,90.0,78.0,84.0,1
85612,2024,9,14,0.5,90.0,78.0,84.0,1
85612,2024,9,15,0.41,90.0,76.0,83.0,1
85612,2024,9,16,0.0,87.0,75.0,81.0,1
85612,2024,9,17,0.03,87.0,75.0,81.0,1
85612,2024,9,18,0.15,88.0,73.0,80.5,1
85612,2024,9,19,0.0,93.0,74.0,83.5,1
85612,2024,9,20,0.34,89.0,74.0,81.5,1
85612,2024,9,21,0.03,86.0,75.0,80.5,1
85612,2024,9,22,0.0,87.0,75.0,81.0,1
85612,2024,9,23,0.21,87.0,75.0,81.0,1
85612,2024,9,24,0.11,86.0,76.0,81.0,1
85612,2024,9,25,0.04,88.0,79.0,83.5,1
85612,2024,9,26,0.5,85.0,77.0,81.0,1
85612,2024,9,27,0.09,89.0,81.0,85.0,1
85612,2024,9,28,0.11,92.0,77.0,84.5,1
85612,2024,9,29,0.03,87.0,77.0,82.0,1
85612,2024,9,30,0.85,89.0,74.0,81.5,1
85612,2024,10,1,0.0,89.0,76.0,82.5,1
85612,2024,10,3,0.27,87.0,76.0,81.5,1
85612,2024,10,4,0.94,86.0,76.0,81.0,1
85612,2024,10,5,0.04,86.0,76.0,81.0,1
85612,2024,10,6,0.21,86.0,75.0,80.5,1
85612,2024,10,7,2.91,76.0,70.0,73.0,0
85612,2024,10,8,0.25,78.0,72.0,75.0,0
85612,2024,10,9,0.29,83.0,75.0,79.0,0
85612,2024,10,10,2.99,83.0,73.0,78.0,0
85612,2024,10,11,0.27,78.0,71.0,74.5,0
85612,2024,10,12,0.11,81.0,70.0,75.5,0
85612,2024,10,13,0.02,82.0,70.0,76.0,0
85612,2024,10,14,1e-05,82.0,69.0,75.5,0
85612,2024,10,15,0.0,88.0,64.0,76.0,0
85612,2024,10,16,0.0,87.0,65.0,76.0,0
85612,2024,10,17,0.0,76.0,66.0,71.0,0
85612,2024,10,18,0.0,76.0,69.0,72.5,0
85612,2024,10,19,0.0,79.0,72.0,75.5,0
85612,2024,10,20,1e-05,81.0,69.0,75.0,0
85612,2024,10,21,0.0,82.0,69.0,75.5,0
85612,2024,10,22,1e-05,82.0,71.0,76.5,0
85612,2024,10,23,1e-05,83.0,70.0,76.5,0
85612,2024,10,24,0.0,83.0,69.0,76.0,0
85612,2024,10,25,0.0,82.0,63.0,72.5,0
85612,2024,10,26,0.0,82.0,65.0,73.5,0
85612,2024,10,27,0.0,82.0,65.0,73.5,0
85612,2024,10,28,0.0,81.0,65.0,73.0,0
85612,2024,10,29,0.0,81.0,69.0,75.0,0
85612,2024,10,30,0.63,82.0,73.0,77.5,0
85612,2024,10,31,0.05,82.0,75.0,78.5,0
85612,2024,11,1,1e-05,82.0,68.0,75.0,0
85612,2024,11,2,0.4,77.0,69.0,73.0,0
85612,2024,11,3,1.0,76.0,73.0,74.5,0
85612,2024,11,4,0.07,81.0,74.0,77.5,0
85612,2024,11,5,0.08,81.0,75.0,78.0,0
85612,2024,11,6,0.02,83.0,78.0,80.5,1
85612,2024,11,7,1e-05,84.0,79.0,81.5,1
85612,2024,11,8,1e-05,83.0,76.0,79.5,0
85612,2024,11,9,0.0,83.0,71.0,77.0,0
85612,2024,11,10,1e-05,82.0,71.0,76.5,0
85612,2024,11,11,0.07,83.0,73.0,78.0,0
85612,2024,11,12,0.0,83.0,69.0,76.0,0
85612,2024,11,13,0.04,82.0,70.0,76.0,0
85612,2024,11,14,0.0,80.0,74.0,77.0,0
85612,2024,11,15,0.0,81.0,66.0,73.5,0
85612,2024,11,16,1e-05,75.0,60.0,67.5,0
85612,2024,11,17,0.0,78.0,60.0,69.0,0
85612,2024,11,18,0.0,77.0,63.0,70.0,0
85612,2024,11,19,0.0,78.0,60.0,69.0,0
85612,2024,11,20,0.0,82.0,60.0,71.0,0
85612,2024,11,21,0.01,80.0,62.0,71.0,0
85612,2024,11,22,0.0,70.0,42.0,56.0,0
85612,2024,11,23,0.0,68.0,42.0,55.0,0
85612,2024,11,24,0.0,69.0,44.0,56.5,0
85612,2024,11,25,0.0,74.0,44.0,59.0,0
85612,2024,11,26,0.0,76.0,52.0,64.0,0
85612,2024,11,27,0.0,80.0,54.0,67.0,0
85612,2024,11,28,0.0,80.0,55.0,67.5,0
85612,2024,11,29,0.0,83.0,59.0,71.0,0
85612,2024,11,30,0.01,75.0,55.0,65.0,0
85612,2024,12,1,0.0,69.0,52.0,60.5,0
85612,2024,12,2,0.0,69.0,49.0,59.0,0
85612,2024,12,3,0.0,66.0,43.0,54.5,0
85612,2024,12,4,0.0,65.0,44.0,54.5,0
85612,2024,12,5,0.0,68.0,45.0,56.5,0
85612,2024,12,6,0.0,74.0,46.0,60.0,0
85612,2024,12,7,1e-05,73.0,48.0,60.5,0
85612,2024,12,8,0.0,70.0,49.0,59.5,0
85612,2024,12,9,0.0,71.0,50.0,60.5,0
85612,2024,12,10,0.0,76.0,54.0,65.0,0
85612,2024,12,11,0.0,78.0,58.0,68.0,0
85612,2024,12,12,0.03,81.0,46.0,63.5,0
85612,2024,12,13,0.0,67.0,46.0,56.5,0
85612,2024,12,14,1e-05,73.0,66.0,69.5,0
85612,2024,12,15,0.04,76.0,69.0,72.5,0
85612,2024,12,16,0.02,77.0,68.0,72.5,0
85612,2024,12,17,0.32,76.0,69.0,72.5,0
85612,2024,12,18,1.1,79.0,68.0,73.5,0
85612,2024,12,19,0.1,77.0,65.0,71.0,0
85612,2024,12,20,1e-05,77.0,66.0,71.5,0
85612,2024,12,21,0.0,75.0,48.0,61.5,0
85612,2024,12,22,0.0,65.0,49.0,57.0,0
85612,2024,12,23,0.03,70.0,50.0,60.0,0
85612,2024,12,24,0.0,72.0,60.0,66.0,0
85612,2024,12,25,0.0,65.0,55.0,60.0,0
85612,2024,12,26,0.0,69.0,55.0,62.0,0
85612,2024,12,27,0.04,76.0,62.0,69.0,0
85612,2024,12,28,0.04,76.0,67.0,71.5,0
85612,2024,12,29,0.02,78.0,68.0,73.0,0
85612,2024,12,30,1.0,76.0,65.0,70.5,0
85612,2024,12,31,1e-05,74.0,65.0,69.5,0
